timestamp,peer_id,text
2025-07-23T16:30:20.636237,96e0e929-c3bb-4a56-9bf6-58fc988da6dc,Hello? Hello? Hello?
2025-07-23T16:30:23.685258,96e0e929-c3bb-4a56-9bf6-58fc988da6dc,Hello? Hello? Hello? Hello? Hello? Hello?
2025-07-23T16:30:26.565321,96e0e929-c3bb-4a56-9bf6-58fc988da6dc,"Hi, Lara."
2025-07-23T16:30:29.554754,96e0e929-c3bb-4a56-9bf6-58fc988da6dc,How are you today?
2025-07-23T16:31:33.890492,96e0e929-c3bb-4a56-9bf6-58fc988da6dc,"Hi, Lara."
2025-07-23T16:31:36.952275,96e0e929-c3bb-4a56-9bf6-58fc988da6dc,How are you?
2025-07-23T16:33:45.407776,263771e2-d485-4eb9-a573-e7278687424b,Aloe.
2025-07-23T16:33:53.930578,263771e2-d485-4eb9-a573-e7278687424b,"Hi Lara, how are you?"
2025-07-23T16:34:17.933603,263771e2-d485-4eb9-a573-e7278687424b,Now I'm in thr2.
2025-07-23T16:34:21.440766,263771e2-d485-4eb9-a573-e7278687424b,All right.
2025-07-23T16:34:52.329809,263771e2-d485-4eb9-a573-e7278687424b,Okay.
2025-07-23T16:35:23.405472,61dac604-6001-4c2c-af93-eeafab916068,I thought I was going to mess with it.
2025-07-23T16:35:28.767481,61dac604-6001-4c2c-af93-eeafab916068,Hello Lara.
2025-07-23T16:35:31.687630,61dac604-6001-4c2c-af93-eeafab916068,Now how are you?
2025-07-23T16:35:34.774836,61dac604-6001-4c2c-af93-eeafab916068,I'm very curious for the tip.
2025-07-23T16:47:32.107744,5c68aab7-d548-4685-8644-4b3d02ebf9a1,Hello?
2025-07-23T16:47:32.864417,391a9e45-570f-454b-adf7-b8535148340f,"Hello, hello, everyone."
2025-07-23T16:47:35.092425,5c68aab7-d548-4685-8644-4b3d02ebf9a1,Hello everyone.
2025-07-23T16:47:44.191528,5c68aab7-d548-4685-8644-4b3d02ebf9a1,Are you?
2025-07-23T16:47:44.931173,391a9e45-570f-454b-adf7-b8535148340f,Are you?
2025-07-23T16:48:02.468288,5c68aab7-d548-4685-8644-4b3d02ebf9a1,Hello. Hi Laura.
2025-07-23T16:48:02.968729,391a9e45-570f-454b-adf7-b8535148340f,"No, hi Lara, how are you?"
2025-07-23T16:48:05.480547,5c68aab7-d548-4685-8644-4b3d02ebf9a1,How are you?
2025-07-23T16:48:14.492521,5c68aab7-d548-4685-8644-4b3d02ebf9a1,Hello.
2025-07-23T16:48:14.939933,391a9e45-570f-454b-adf7-b8535148340f,"Hello, hi."
2025-07-23T16:48:17.245355,5c68aab7-d548-4685-8644-4b3d02ebf9a1,Hi Laura.
2025-07-23T16:48:17.907320,391a9e45-570f-454b-adf7-b8535148340f,Hi Lara.
2025-07-23T16:48:53.398216,5c68aab7-d548-4685-8644-4b3d02ebf9a1,Hi Laura. Shouldn't you do so?
2025-07-23T16:48:54.030869,391a9e45-570f-454b-adf7-b8535148340f,Hi Lara. Shouldn't you do so?
2025-07-23T16:48:56.418041,5c68aab7-d548-4685-8644-4b3d02ebf9a1,Let's hopefully give it.
2025-07-23T16:48:57.062718,391a9e45-570f-454b-adf7-b8535148340f,"Thank you, Chris."
2025-07-23T16:49:02.245872,5c68aab7-d548-4685-8644-4b3d02ebf9a1,I'm going to hit it because it's still going on. That's when you look at the machine.
2025-07-23T16:49:03.403042,391a9e45-570f-454b-adf7-b8535148340f,"Hey, hey, Chris, I still don't mind how this room looks to be a shame."
2025-07-23T16:49:03.640913,5c68aab7-d548-4685-8644-4b3d02ebf9a1,Mm-hmm.
2025-07-23T16:49:05.735617,5c68aab7-d548-4685-8644-4b3d02ebf9a1,Can't get off. Oh man.
2025-07-23T16:49:06.047942,391a9e45-570f-454b-adf7-b8535148340f,I can do. I can do.
2025-07-23T16:49:14.749621,5c68aab7-d548-4685-8644-4b3d02ebf9a1,"Boy, Laura."
2025-07-23T16:49:15.176659,391a9e45-570f-454b-adf7-b8535148340f,"Why are you there, Lara? How are you?"
2025-07-23T16:49:17.726403,5c68aab7-d548-4685-8644-4b3d02ebf9a1,How are you? Laura.
2025-07-23T16:49:18.049490,391a9e45-570f-454b-adf7-b8535148340f,"Yeah, Lara. What the..."
2025-07-23T16:49:20.786129,5c68aab7-d548-4685-8644-4b3d02ebf9a1,What time is it? It's been a-
2025-07-23T16:49:21.167764,391a9e45-570f-454b-adf7-b8535148340f,The time is it. Keep it below now.
2025-07-23T16:49:23.790828,5c68aab7-d548-4685-8644-4b3d02ebf9a1,all the time. It's still-
2025-07-23T16:49:24.130229,391a9e45-570f-454b-adf7-b8535148340f,Nice to meet you.
2025-07-23T16:49:35.815289,5c68aab7-d548-4685-8644-4b3d02ebf9a1,Oh.
2025-07-23T16:49:36.199859,391a9e45-570f-454b-adf7-b8535148340f,Oh.
2025-07-23T16:49:38.847198,5c68aab7-d548-4685-8644-4b3d02ebf9a1,"Hey, film."
2025-07-23T16:49:40.127065,391a9e45-570f-454b-adf7-b8535148340f,"Hey, come on."
2025-07-23T16:49:41.903291,5c68aab7-d548-4685-8644-4b3d02ebf9a1,We are a gift. Pity-dity-dity.
2025-07-23T16:49:42.303662,391a9e45-570f-454b-adf7-b8535148340f,We are a gift. It's a unique...
2025-07-23T16:49:44.845853,5c68aab7-d548-4685-8644-4b3d02ebf9a1,"Laura, can you give me-"
2025-07-23T16:49:45.161890,391a9e45-570f-454b-adf7-b8535148340f,"Lara, can you give me?"
2025-07-23T16:49:47.887900,5c68aab7-d548-4685-8644-4b3d02ebf9a1,Mm-hmm.
2025-07-23T16:49:48.248546,391a9e45-570f-454b-adf7-b8535148340f,Yeah.
2025-07-23T16:49:50.891904,5c68aab7-d548-4685-8644-4b3d02ebf9a1,Mm-hmm.
2025-07-23T16:49:51.199654,391a9e45-570f-454b-adf7-b8535148340f,Mm.
2025-07-23T16:49:56.875159,5c68aab7-d548-4685-8644-4b3d02ebf9a1,Mm-hmm. Take on a sec.
2025-07-23T16:49:57.283377,391a9e45-570f-454b-adf7-b8535148340f,I'm going to take our seats.
2025-07-23T16:50:01.565737,5c68aab7-d548-4685-8644-4b3d02ebf9a1,It's not- it's a bit- it's a bit-
2025-07-23T16:50:01.639555,391a9e45-570f-454b-adf7-b8535148340f,It's up. It's a bit...
2025-07-23T19:33:08.501622,f4837d6e-6dad-49b6-b577-5053e419f496,"Whoa, whoa, whoa."
2025-07-23T19:33:11.412560,f4837d6e-6dad-49b6-b577-5053e419f496,Thank you. I'm good.
2025-07-23T19:33:20.328678,f4837d6e-6dad-49b6-b577-5053e419f496,"So, Lara, how are you?"
2025-07-23T19:33:26.378789,f4837d6e-6dad-49b6-b577-5053e419f496,Mm-hmm.
2025-07-23T19:33:41.357391,f4837d6e-6dad-49b6-b577-5053e419f496,Lara.
2025-07-23T19:33:44.380570,f4837d6e-6dad-49b6-b577-5053e419f496,What time is it in Mars area?
2025-07-23T19:33:59.439589,f4837d6e-6dad-49b6-b577-5053e419f496,Take advantage of it.
2025-07-23T19:34:53.629046,f4837d6e-6dad-49b6-b577-5053e419f496,Lara is...
2025-07-23T19:34:56.626530,f4837d6e-6dad-49b6-b577-5053e419f496,"So, give me the summary of this..."
2025-07-23T19:34:59.682077,f4837d6e-6dad-49b6-b577-5053e419f496,What time is it in now?
2025-07-23T19:35:05.670685,f4837d6e-6dad-49b6-b577-5053e419f496,Mm-hmm. No.
2025-07-23T19:35:08.831905,f4837d6e-6dad-49b6-b577-5053e419f496,Mm-hmm. Mm-hmm. Mm-hmm. Mm-hmm. Mm-hmm.
2025-07-23T19:35:11.720357,f4837d6e-6dad-49b6-b577-5053e419f496,Mm-hmm. Mm-hmm.
2025-07-23T19:36:17.921674,f4837d6e-6dad-49b6-b577-5053e419f496,Mm-hmm. Mm-hmm. Mm-hmm. Mm-hmm. Mm-hmm. Mm-hmm. Mm-hmm. Mm-hmm. Mm-hmm. Mm-hmm. Mm-hmm. Mm-hmm. Mm-hmm. Mm-hmm. Mm-hmm. Mm-hmm. Mm-hmm. Mm-hmm. Mm-hmm. Mm-hmm. Mm-hmm. Mm-hmm. Mm-hmm. Mm-hmm. Mm-hmm. Mm-hmm. Mm-hmm. Mm-hmm. Mm-hmm. Mm-hmm. Mm-hmm. Mm-hmm. Mm-hmm. Mm-hmm. Mm-hmm. Mm-hmm. Mm-hmm. M
2025-07-23T19:36:20.161816,f4837d6e-6dad-49b6-b577-5053e419f496,No. Mm-hmm. Mm-hmm. No?
2025-07-23T19:36:21.377355,f4837d6e-6dad-49b6-b577-5053e419f496,"Oh, and that you can be good. Mm-hmm. Mm-hmm. Mm. Mm-hmm. Whoooo."
2025-07-23T19:36:22.886883,f4837d6e-6dad-49b6-b577-5053e419f496,"Okay, let's go. Okay, let's go."
2025-07-23T19:45:23.442227,b3f92483-3d89-479e-b415-715ca30c1702,"Today, we will stop."
2025-07-23T19:45:26.445776,b3f92483-3d89-479e-b415-715ca30c1702,We will talk about something really important.
2025-07-23T19:45:29.436038,b3f92483-3d89-479e-b415-715ca30c1702,"For us, we will talk."
2025-07-23T19:45:32.449302,b3f92483-3d89-479e-b415-715ca30c1702,Now to fix this problem of...
2025-07-23T19:45:35.460393,b3f92483-3d89-479e-b415-715ca30c1702,"Lara, don't..."
2025-07-23T19:45:38.468835,b3f92483-3d89-479e-b415-715ca30c1702,Give us a good...
2025-07-23T19:45:41.519132,b3f92483-3d89-479e-b415-715ca30c1702,"So, we will start..."
2025-07-23T19:45:44.559237,b3f92483-3d89-479e-b415-715ca30c1702,"Lara, how are you?"
2025-07-23T19:45:53.520693,b3f92483-3d89-479e-b415-715ca30c1702,How are you?
2025-07-23T19:45:56.498977,b3f92483-3d89-479e-b415-715ca30c1702,Lara.
2025-07-23T19:46:11.593909,b3f92483-3d89-479e-b415-715ca30c1702,"How are you, Lara?"
2025-07-23T19:46:14.597703,b3f92483-3d89-479e-b415-715ca30c1702,Waiting for your...
2025-07-23T19:46:17.620928,b3f92483-3d89-479e-b415-715ca30c1702,Your answers.
2025-07-23T19:46:44.724368,b3f92483-3d89-479e-b415-715ca30c1702,Okay.
2025-07-23T19:46:47.851821,b3f92483-3d89-479e-b415-715ca30c1702,"No, no, no, no, no way to..."
2025-07-23T19:46:50.785883,b3f92483-3d89-479e-b415-715ca30c1702,"23, 23, 23, 23, 23, 23, 23, 23..."
2025-07-23T19:49:03.007866,fe8b031a-c6e6-4216-a809-c57f43a49918,And just want to be sure.
2025-07-23T19:49:05.954035,fe8b031a-c6e6-4216-a809-c57f43a49918,"Lara, how are you?"
2025-07-23T19:49:08.917784,fe8b031a-c6e6-4216-a809-c57f43a49918,"Okay, this one."
2025-07-23T19:49:14.927320,fe8b031a-c6e6-4216-a809-c57f43a49918,"How are you, Lara?"
2025-07-23T19:49:17.913114,fe8b031a-c6e6-4216-a809-c57f43a49918,Okay.
2025-07-23T19:49:27.891003,fe8b031a-c6e6-4216-a809-c57f43a49918,"Oh, the Rhino today, when I talk about Samchee."
2025-07-23T19:49:28.193433,fe8b031a-c6e6-4216-a809-c57f43a49918,I will keep on.
2025-07-23T19:49:29.969611,fe8b031a-c6e6-4216-a809-c57f43a49918,"Okay, different."
2025-07-23T19:49:39.039932,fe8b031a-c6e6-4216-a809-c57f43a49918,"So far, kept playing even a bit."
2025-07-23T19:55:28.518063,9e8e6831-547f-4d62-9a53-c08fc9f60376,Hello for you.
2025-07-23T19:55:28.556859,158735c4-64e0-4e5c-9e4e-33a3a8a631a6,Hello for you.
2025-07-23T19:55:43.774736,9e8e6831-547f-4d62-9a53-c08fc9f60376,"Hi Nara, how are you?"
2025-07-23T19:55:43.847605,158735c4-64e0-4e5c-9e4e-33a3a8a631a6,"Hi Nara, how are you?"
2025-07-23T19:55:58.621567,9e8e6831-547f-4d62-9a53-c08fc9f60376,"Hi, Nara, how are you?"
2025-07-23T19:55:58.679008,158735c4-64e0-4e5c-9e4e-33a3a8a631a6,"Hi, Nara, how are you?"
2025-07-23T19:56:04.696828,9e8e6831-547f-4d62-9a53-c08fc9f60376,"Lara, how are you?"
2025-07-23T19:56:04.748467,158735c4-64e0-4e5c-9e4e-33a3a8a631a6,"Lara, how are you?"
2025-07-23T19:56:07.763110,9e8e6831-547f-4d62-9a53-c08fc9f60376,Thank you to Nara.
2025-07-23T19:56:07.837350,158735c4-64e0-4e5c-9e4e-33a3a8a631a6,Thank you. It's been a long time.
2025-07-23T20:13:18.095630,b118b8f5-4211-4301-9b7c-6a7d25d5c14b,Hello everyone.
2025-07-23T20:13:18.142796,7ea7d2de-aef5-4e27-b4cb-41541a20c104,Hello everyone.
2025-07-23T20:13:21.164102,b118b8f5-4211-4301-9b7c-6a7d25d5c14b,How are you?
2025-07-23T20:13:21.211043,7ea7d2de-aef5-4e27-b4cb-41541a20c104,How are you?
2025-07-23T20:13:29.992696,b118b8f5-4211-4301-9b7c-6a7d25d5c14b,So.
2025-07-23T20:13:30.025528,7ea7d2de-aef5-4e27-b4cb-41541a20c104,So.
2025-07-23T20:13:33.104522,b118b8f5-4211-4301-9b7c-6a7d25d5c14b,I have a question for Lara. Lara.
2025-07-23T20:13:33.166814,7ea7d2de-aef5-4e27-b4cb-41541a20c104,I have a question for Lara. Lara.
2025-07-23T20:13:36.071315,b118b8f5-4211-4301-9b7c-6a7d25d5c14b,"Uh, what time is it? In bar."
2025-07-23T20:13:36.134579,7ea7d2de-aef5-4e27-b4cb-41541a20c104,What time is it? In bar.
2025-07-23T20:13:39.018512,b118b8f5-4211-4301-9b7c-6a7d25d5c14b,Ready?
2025-07-23T20:13:39.475787,7ea7d2de-aef5-4e27-b4cb-41541a20c104,Are you ready?
2025-07-23T20:13:48.176566,b118b8f5-4211-4301-9b7c-6a7d25d5c14b,Okay.
2025-07-23T20:13:48.216252,7ea7d2de-aef5-4e27-b4cb-41541a20c104,Okay.
2025-07-23T20:15:42.482596,b118b8f5-4211-4301-9b7c-6a7d25d5c14b,"Lara, how are you?"
2025-07-23T20:15:42.534435,7ea7d2de-aef5-4e27-b4cb-41541a20c104,"Lara, how are you?"
2025-07-23T20:31:18.368111,39ed7cf8-c872-4942-b1ed-7e5b649cddf4,Loom.
2025-07-23T20:31:20.368524,e6d3abb9-deec-4808-8c96-e199c5332caa,"Hello, hello everyone."
2025-07-23T20:31:21.456610,39ed7cf8-c872-4942-b1ed-7e5b649cddf4,"Hello, hello, everyone."
2025-07-23T20:31:23.400838,e6d3abb9-deec-4808-8c96-e199c5332caa,I'm very happy to be here.
2025-07-23T20:31:24.373401,39ed7cf8-c872-4942-b1ed-7e5b649cddf4,I'm very happy to be here.
2025-07-23T20:31:26.286394,e6d3abb9-deec-4808-8c96-e199c5332caa,Here it is.
2025-07-23T20:31:32.353115,e6d3abb9-deec-4808-8c96-e199c5332caa,Thank you so much.
2025-07-23T20:31:33.392010,39ed7cf8-c872-4942-b1ed-7e5b649cddf4,I'm actually in front of me.
2025-07-23T20:31:35.364148,e6d3abb9-deec-4808-8c96-e199c5332caa,Thank you very much.
2025-07-23T20:31:36.428273,39ed7cf8-c872-4942-b1ed-7e5b649cddf4,Mush.
2025-07-23T20:31:38.438196,e6d3abb9-deec-4808-8c96-e199c5332caa,Thank you very much.
2025-07-23T20:31:39.565924,39ed7cf8-c872-4942-b1ed-7e5b649cddf4,Loom. Loom. Loom. Loom.
2025-07-23T20:31:41.454571,e6d3abb9-deec-4808-8c96-e199c5332caa,Thank you very much.
2025-07-23T20:31:44.364469,e6d3abb9-deec-4808-8c96-e199c5332caa,Hi.
2025-07-23T20:31:45.454179,39ed7cf8-c872-4942-b1ed-7e5b649cddf4,Hi.
2025-07-23T20:31:50.495572,39ed7cf8-c872-4942-b1ed-7e5b649cddf4,"Hello, hello. Loom. Loom. Loom."
2025-07-23T20:31:51.534563,e6d3abb9-deec-4808-8c96-e199c5332caa,Thank you very much.
2025-07-23T20:31:51.884584,e6d3abb9-deec-4808-8c96-e199c5332caa,Hi. Hello. Hello.
2025-07-23T20:31:52.245753,39ed7cf8-c872-4942-b1ed-7e5b649cddf4,Loom. Loom. Loom. Loom. Loom.
2025-07-23T20:31:55.109241,e6d3abb9-deec-4808-8c96-e199c5332caa,I'm so happy to be here.
2025-07-23T20:31:55.203531,39ed7cf8-c872-4942-b1ed-7e5b649cddf4,Loom. Loom. Loom. Loom.
2025-07-23T20:32:17.526673,e6d3abb9-deec-4808-8c96-e199c5332caa,"Hi, Nara. How are you?"
2025-07-23T20:32:18.618754,39ed7cf8-c872-4942-b1ed-7e5b649cddf4,"Hi, Nara, how are you?"
2025-07-23T20:32:34.193364,e6d3abb9-deec-4808-8c96-e199c5332caa,Thank you very much.
2025-07-23T20:32:37.466152,e6d3abb9-deec-4808-8c96-e199c5332caa,"Lara, how are you, Lara?"
2025-07-23T20:32:41.295437,39ed7cf8-c872-4942-b1ed-7e5b649cddf4,Loom. Loom. Loom.
2025-07-23T20:32:42.952819,39ed7cf8-c872-4942-b1ed-7e5b649cddf4,Loom. Loom. Loom. Loom. Loom. Loom. Loom. Loom. Loom. Loom. Loom. Loom. Loom. Loom. Loom. Loom. Loom. Loom. Loom. Loom. Loom. Loom. Loom. Loom. Loom. Loom. Loom. Loom. Loom. Loom. Loom. Loom. Loom. Loom. Loom. Loom. Loom. Loom. Loom. Loom. Loom. Loom. Loom. Loom. Loom. Loom. Loom. Loom. Loom. Loom. Loom. Loom. Loom. Loom. Loom. Loom. Loom. Loom. Loom. Loom. Loom. Loom. Loom. Loom. Loom. Loom. Loom. Loom. Loom. Loom. Loom. Loom. Loom. Loom. L
2025-07-23T20:32:43.741676,e6d3abb9-deec-4808-8c96-e199c5332caa,Mm-hmm. Great.
2025-07-23T20:32:43.840743,39ed7cf8-c872-4942-b1ed-7e5b649cddf4,Loom. Loom. Loom. Loom. Loom.
2025-07-23T20:32:44.601356,e6d3abb9-deec-4808-8c96-e199c5332caa,Okay. See you on the side of the car.
2025-07-23T20:32:56.688900,e6d3abb9-deec-4808-8c96-e199c5332caa,Thank you. Thank you very much. Thank you very much.
2025-07-23T20:32:57.833549,39ed7cf8-c872-4942-b1ed-7e5b649cddf4,Loom. Loom. Loom. Loom. Loom.
2025-07-23T20:33:01.492222,e6d3abb9-deec-4808-8c96-e199c5332caa,"I'm going to clean this, see you next time."
2025-07-23T20:33:01.607730,39ed7cf8-c872-4942-b1ed-7e5b649cddf4,Loom. Loom. Loom. Loom. Loom.
2025-07-23T20:33:05.530695,39ed7cf8-c872-4942-b1ed-7e5b649cddf4,Loom. Loom. Loom. Loom. Loom.
2025-07-23T20:33:09.489744,e6d3abb9-deec-4808-8c96-e199c5332caa,"See you next time, Hussain."
2025-07-23T20:33:09.703903,e6d3abb9-deec-4808-8c96-e199c5332caa,Okay. Okay.
2025-07-23T20:54:23.870570,3a54aa94-9075-4516-a5ff-6b7ea87e7821,Lowy everyone.
2025-07-23T20:54:24.203662,55c92cab-d856-4264-8f55-61b16d5761c4,Hello everyone.
2025-07-23T20:54:26.728187,3a54aa94-9075-4516-a5ff-6b7ea87e7821,"I hope you're doing well, so today."
2025-07-23T20:54:27.181666,55c92cab-d856-4264-8f55-61b16d5761c4,I hope you're doing well. So today we're going to...
2025-07-23T20:54:29.734572,3a54aa94-9075-4516-a5ff-6b7ea87e7821,We're gonna talk.
2025-07-23T20:54:30.141185,55c92cab-d856-4264-8f55-61b16d5761c4,That took.
2025-07-23T20:54:32.719924,3a54aa94-9075-4516-a5ff-6b7ea87e7821,Okay.
2025-07-23T20:54:33.086786,55c92cab-d856-4264-8f55-61b16d5761c4,"Okay, it's good."
2025-07-23T20:54:35.755350,3a54aa94-9075-4516-a5ff-6b7ea87e7821,He's good.
2025-07-23T20:54:36.188985,55c92cab-d856-4264-8f55-61b16d5761c4,Good.
2025-07-23T20:54:44.766222,3a54aa94-9075-4516-a5ff-6b7ea87e7821,"Lara, how are you?"
2025-07-23T20:54:45.179602,55c92cab-d856-4264-8f55-61b16d5761c4,"Lara, how are you?"
2025-07-23T20:54:47.594407,3a54aa94-9075-4516-a5ff-6b7ea87e7821,For you.
2025-07-23T20:54:57.132169,3a54aa94-9075-4516-a5ff-6b7ea87e7821,Yes! Yes!
2025-07-23T20:54:57.177969,55c92cab-d856-4264-8f55-61b16d5761c4,Yes! Yes!
2025-07-23T20:55:02.983735,55c92cab-d856-4264-8f55-61b16d5761c4,Thank you very much.
2025-07-23T20:55:06.181658,55c92cab-d856-4264-8f55-61b16d5761c4,"Let's dig. Oh, f... I..."
2025-07-23T20:55:06.234168,3a54aa94-9075-4516-a5ff-6b7ea87e7821,"Oh, I'm fine."
2025-07-23T20:55:09.250993,3a54aa94-9075-4516-a5ff-6b7ea87e7821,Good permission. You've already worked in.
2025-07-23T20:55:09.316627,55c92cab-d856-4264-8f55-61b16d5761c4,Good permission. You've already worked in.
2025-07-23T20:55:15.220818,3a54aa94-9075-4516-a5ff-6b7ea87e7821,We're gonna want to be on the road.
2025-07-23T20:55:15.315801,55c92cab-d856-4264-8f55-61b16d5761c4,"This is one of these, one of these, one of these."
2025-07-23T20:55:36.307284,3a54aa94-9075-4516-a5ff-6b7ea87e7821,"Hello, who are you? Are you fine?"
2025-07-23T20:55:36.389376,55c92cab-d856-4264-8f55-61b16d5761c4,"Hello, who are you? Are you fine?"
2025-07-23T20:55:39.309465,3a54aa94-9075-4516-a5ff-6b7ea87e7821,And we're happy that's all the steam.
2025-07-23T20:55:39.389274,55c92cab-d856-4264-8f55-61b16d5761c4,I'm very happy that's all the same.
2025-07-23T20:55:42.277153,55c92cab-d856-4264-8f55-61b16d5761c4,This works. Yes.
2025-07-23T20:55:42.341409,3a54aa94-9075-4516-a5ff-6b7ea87e7821,This works. Yes.
2025-07-23T20:55:45.302706,55c92cab-d856-4264-8f55-61b16d5761c4,Of course. I run now.
2025-07-23T20:55:45.380460,3a54aa94-9075-4516-a5ff-6b7ea87e7821,"Of course. Ah, I don't know."
2025-07-23T20:55:48.307687,3a54aa94-9075-4516-a5ff-6b7ea87e7821,"Oh, I don't know if it's decent."
2025-07-23T20:55:48.375135,55c92cab-d856-4264-8f55-61b16d5761c4,I don't know if it's this.
2025-07-23T20:55:51.388654,3a54aa94-9075-4516-a5ff-6b7ea87e7821,Okay. Gotcha. Gotcha. I gotcha. I'm really happy.
2025-07-23T20:55:51.501251,55c92cab-d856-4264-8f55-61b16d5761c4,"Okay, good, sir. Good, sir. I'm really happy."
2025-07-23T20:56:39.543483,3a54aa94-9075-4516-a5ff-6b7ea87e7821,"Uh, Lara. Uh, Lara. Okay."
2025-07-23T20:56:39.611069,55c92cab-d856-4264-8f55-61b16d5761c4,"Uh, Lara. Okay."
2025-07-23T20:56:42.615855,3a54aa94-9075-4516-a5ff-6b7ea87e7821,"Can you give me the last, uh, design?"
2025-07-23T20:56:42.705781,55c92cab-d856-4264-8f55-61b16d5761c4,"Can you give me the last, uh, decide?"
2025-07-23T20:56:45.741289,55c92cab-d856-4264-8f55-61b16d5761c4,The summary of the last 30 second piece.
2025-07-23T20:56:45.847067,3a54aa94-9075-4516-a5ff-6b7ea87e7821,"The summary of the last 30 seconds, please."
2025-07-23T20:57:06.652087,3a54aa94-9075-4516-a5ff-6b7ea87e7821,Lara.
2025-07-23T20:57:06.711055,55c92cab-d856-4264-8f55-61b16d5761c4,Lara.
2025-07-23T20:57:09.258688,3a54aa94-9075-4516-a5ff-6b7ea87e7821,"Uh, the summary of the last..."
2025-07-23T20:57:10.603901,55c92cab-d856-4264-8f55-61b16d5761c4,"Uh, the summary of the last two."
2025-07-23T20:57:12.676478,3a54aa94-9075-4516-a5ff-6b7ea87e7821,"Uh, 30 seconds."
2025-07-23T20:57:12.727925,55c92cab-d856-4264-8f55-61b16d5761c4,"Uh, 30 second."
2025-07-23T20:57:15.602445,3a54aa94-9075-4516-a5ff-6b7ea87e7821,"Uh, I want to..."
2025-07-23T20:57:15.665139,55c92cab-d856-4264-8f55-61b16d5761c4,"Uh, I want the..."
2025-07-23T20:57:18.695175,3a54aa94-9075-4516-a5ff-6b7ea87e7821,the summary of 30 seconds.
2025-07-23T20:57:18.757069,55c92cab-d856-4264-8f55-61b16d5761c4,summary of 30 second.
2025-07-23T20:57:21.686927,3a54aa94-9075-4516-a5ff-6b7ea87e7821,Last 30 seconds.
2025-07-23T20:57:21.736955,55c92cab-d856-4264-8f55-61b16d5761c4,Last 30 second.
2025-07-23T20:57:45.884400,3a54aa94-9075-4516-a5ff-6b7ea87e7821,Lara.
2025-07-23T20:57:45.949341,55c92cab-d856-4264-8f55-61b16d5761c4,Lara. Lara.
2025-07-23T20:57:54.816928,3a54aa94-9075-4516-a5ff-6b7ea87e7821,"Uh, some..."
2025-07-23T20:57:54.882537,55c92cab-d856-4264-8f55-61b16d5761c4,"Uh, summary."
2025-07-23T20:57:57.792669,3a54aa94-9075-4516-a5ff-6b7ea87e7821,the summary of the last one.
2025-07-23T20:57:57.858184,55c92cab-d856-4264-8f55-61b16d5761c4,summary of the last one.
2025-07-23T20:58:00.729790,3a54aa94-9075-4516-a5ff-6b7ea87e7821,"That's it, please."
2025-07-23T20:58:00.775657,55c92cab-d856-4264-8f55-61b16d5761c4,That piece.
2025-07-23T21:03:09.566317,09762d3d-f90e-47d0-994a-04bf649a87b2,Hola!
2025-07-23T21:03:09.603587,0d4daaf3-95a5-4d59-aaa8-f31d04a01a31,Hola!
2025-07-23T21:03:15.541867,09762d3d-f90e-47d0-994a-04bf649a87b2,Hola! Hola! Hola!
2025-07-23T21:03:18.654300,09762d3d-f90e-47d0-994a-04bf649a87b2,Hola! Hola! Hola! Hola! Hola!
2025-07-23T21:03:19.399132,0d4daaf3-95a5-4d59-aaa8-f31d04a01a31,It's great and it is a great mission. No.
2025-07-23T21:03:21.591039,09762d3d-f90e-47d0-994a-04bf649a87b2,We're going to head over to the helmet. Okay.
2025-07-23T21:03:21.697359,0d4daaf3-95a5-4d59-aaa8-f31d04a01a31,I'm going to add all that can happen. Okay.
2025-07-23T21:03:24.608851,09762d3d-f90e-47d0-994a-04bf649a87b2,Let's move down.
2025-07-23T21:03:24.661543,0d4daaf3-95a5-4d59-aaa8-f31d04a01a31,Let's move down.
2025-07-23T21:03:27.574351,09762d3d-f90e-47d0-994a-04bf649a87b2,"Hi Lara, how are you?"
2025-07-23T21:03:27.633609,0d4daaf3-95a5-4d59-aaa8-f31d04a01a31,"Hi Lara, how are you?"
2025-07-23T21:03:30.522955,09762d3d-f90e-47d0-994a-04bf649a87b2,It's more one.
2025-07-23T21:03:30.578114,0d4daaf3-95a5-4d59-aaa8-f31d04a01a31,It's one one.
2025-07-23T21:03:39.559634,0d4daaf3-95a5-4d59-aaa8-f31d04a01a31,Let's jump and pull it in.
2025-07-23T21:03:39.634383,09762d3d-f90e-47d0-994a-04bf649a87b2,"Let's go, don't believe me."
2025-07-23T21:03:51.838904,09762d3d-f90e-47d0-994a-04bf649a87b2,Let's take it.
2025-07-23T21:03:51.920983,0d4daaf3-95a5-4d59-aaa8-f31d04a01a31,Let's take it.
2025-07-23T21:04:18.263728,c317a9b3-58b1-4a28-a4cb-f7b59cf015ed,Does that actually come up with me?
2025-07-23T21:04:21.225837,c317a9b3-58b1-4a28-a4cb-f7b59cf015ed,I'm really excited to know about this one.
2025-07-23T21:04:22.484407,24a7c2a4-2cd3-4c42-b2ae-7463c4a5a898,I just don't know about this one.
2025-07-23T21:04:25.372279,24a7c2a4-2cd3-4c42-b2ae-7463c4a5a898,Hi.
2025-07-23T21:04:27.224094,c317a9b3-58b1-4a28-a4cb-f7b59cf015ed,"Hi, hello."
2025-07-23T21:04:28.526739,24a7c2a4-2cd3-4c42-b2ae-7463c4a5a898,Hello. Maraki.
2025-07-23T21:04:31.326795,c317a9b3-58b1-4a28-a4cb-f7b59cf015ed,I'm going to take the number one and I'll ask you a little...
2025-07-23T21:04:35.670755,c317a9b3-58b1-4a28-a4cb-f7b59cf015ed,a little bit better. See you in the next video. See you in the next video. See you in the next video. Bye!
2025-07-23T21:04:38.483190,24a7c2a4-2cd3-4c42-b2ae-7463c4a5a898,Nice to meet you.
2025-07-23T21:04:39.431646,c317a9b3-58b1-4a28-a4cb-f7b59cf015ed,Maybe.
2025-07-23T21:04:39.681730,24a7c2a4-2cd3-4c42-b2ae-7463c4a5a898,Nice. Nice. Yeah.
2025-07-23T21:04:40.629748,24a7c2a4-2cd3-4c42-b2ae-7463c4a5a898,What the fuck?
2025-07-23T21:04:42.193089,c317a9b3-58b1-4a28-a4cb-f7b59cf015ed,What the fuck?
2025-07-23T21:04:43.516260,24a7c2a4-2cd3-4c42-b2ae-7463c4a5a898,Nice. Nice. Clear.
2025-07-23T21:04:45.168478,c317a9b3-58b1-4a28-a4cb-f7b59cf015ed,"Nice night, Chloe. Hello."
2025-07-23T21:04:50.016157,c317a9b3-58b1-4a28-a4cb-f7b59cf015ed,Hello.
2025-07-23T21:04:51.811449,24a7c2a4-2cd3-4c42-b2ae-7463c4a5a898,Good morning. Hello. Hello. Hello. Hello.
2025-07-23T21:04:54.168571,c317a9b3-58b1-4a28-a4cb-f7b59cf015ed,Yeah.
2025-07-23T21:04:55.566589,24a7c2a4-2cd3-4c42-b2ae-7463c4a5a898,Yeah. Yeah.
2025-07-23T21:04:57.301340,c317a9b3-58b1-4a28-a4cb-f7b59cf015ed,We'll enjoy it.
2025-07-23T21:04:58.624822,24a7c2a4-2cd3-4c42-b2ae-7463c4a5a898,Will you go to? Yeah. Yeah.
2025-07-23T21:05:00.334416,c317a9b3-58b1-4a28-a4cb-f7b59cf015ed,Let's do it. Mm-hmm.
2025-07-23T21:05:01.556106,24a7c2a4-2cd3-4c42-b2ae-7463c4a5a898,Are you?
2025-07-23T21:05:03.323404,c317a9b3-58b1-4a28-a4cb-f7b59cf015ed,Are you joining me? Can't wait to meet you.
2025-07-23T21:05:04.991758,24a7c2a4-2cd3-4c42-b2ae-7463c4a5a898,"Enjoy. Comments, my turn. Loosen it. Sit out."
2025-07-23T21:05:08.063586,c317a9b3-58b1-4a28-a4cb-f7b59cf015ed,"No, I'm still in trouble. Say that, wasn't it? Yeah."
2025-07-23T21:05:08.119021,24a7c2a4-2cd3-4c42-b2ae-7463c4a5a898,That's the answer.
2025-07-23T21:05:09.238175,c317a9b3-58b1-4a28-a4cb-f7b59cf015ed,That's the answer.
2025-07-23T21:05:10.668960,24a7c2a4-2cd3-4c42-b2ae-7463c4a5a898,Hi Lara.
2025-07-23T21:05:12.313085,c317a9b3-58b1-4a28-a4cb-f7b59cf015ed,"Hi, Lara. How are you?"
2025-07-23T21:05:13.727401,24a7c2a4-2cd3-4c42-b2ae-7463c4a5a898,How are you?
2025-07-23T21:05:18.725972,24a7c2a4-2cd3-4c42-b2ae-7463c4a5a898,Okay. Let's just define this. Let's do this.
2025-07-23T21:05:22.601028,c317a9b3-58b1-4a28-a4cb-f7b59cf015ed,Let's do this. Let's do this. Let's do this. Let's go.
2025-07-23T21:05:22.906626,c317a9b3-58b1-4a28-a4cb-f7b59cf015ed,"Good enough! Okay, so, I'm just..."
2025-07-23T21:05:23.651571,24a7c2a4-2cd3-4c42-b2ae-7463c4a5a898,Okay. This one.
2025-07-23T21:05:24.327412,c317a9b3-58b1-4a28-a4cb-f7b59cf015ed,the fuck.
2025-07-23T21:05:25.707672,24a7c2a4-2cd3-4c42-b2ae-7463c4a5a898,You're fucked. Then we're cut.
2025-07-23T21:05:27.365218,c317a9b3-58b1-4a28-a4cb-f7b59cf015ed,Let me cut the line. I'm just joking. Uh-huh.
2025-07-23T21:05:28.713823,24a7c2a4-2cd3-4c42-b2ae-7463c4a5a898,Plan. Let's just talk. Hi Lara. How are you?
2025-07-23T21:05:30.436508,c317a9b3-58b1-4a28-a4cb-f7b59cf015ed,"Hi, Lara. How are you?"
2025-07-23T21:05:39.375933,c317a9b3-58b1-4a28-a4cb-f7b59cf015ed,"Hi, Lara. How are you?"
2025-07-23T21:05:40.783539,24a7c2a4-2cd3-4c42-b2ae-7463c4a5a898,Hi Lara. How are you?
2025-07-23T21:05:46.567407,c317a9b3-58b1-4a28-a4cb-f7b59cf015ed,Come next touches.
2025-07-23T21:05:47.005376,24a7c2a4-2cd3-4c42-b2ae-7463c4a5a898,"Come on, let's do this. Let's do this."
2025-07-23T21:05:48.412811,c317a9b3-58b1-4a28-a4cb-f7b59cf015ed,"She's playing, playing, Lara."
2025-07-23T21:05:49.775618,24a7c2a4-2cd3-4c42-b2ae-7463c4a5a898,Plan Lara.
2025-07-23T21:05:51.433435,c317a9b3-58b1-4a28-a4cb-f7b59cf015ed,I don't have to.
2025-07-23T21:49:02.864751,4e21d1ca-095f-4913-a0ad-160ee2b3f0d0,"Hello, are ya?"
2025-07-23T21:49:04.952771,67731d46-97fd-40b6-987b-a94f9abd1f72,Are you?
2025-07-23T21:49:16.980771,67731d46-97fd-40b6-987b-a94f9abd1f72,Hi!
2025-07-23T21:49:17.876737,4e21d1ca-095f-4913-a0ad-160ee2b3f0d0,Hi!
2025-07-23T21:49:29.017527,67731d46-97fd-40b6-987b-a94f9abd1f72,"Hello, hello, hello, hello."
2025-07-23T21:49:29.945635,4e21d1ca-095f-4913-a0ad-160ee2b3f0d0,"Hello, are ya? Hello, are ya?"
2025-07-23T21:49:31.997846,67731d46-97fd-40b6-987b-a94f9abd1f72,"Hello, hello, hello."
2025-07-23T21:49:32.926327,4e21d1ca-095f-4913-a0ad-160ee2b3f0d0,Hello. Hello.
2025-07-23T21:49:35.062897,67731d46-97fd-40b6-987b-a94f9abd1f72,And hello.
2025-07-23T21:49:35.956266,4e21d1ca-095f-4913-a0ad-160ee2b3f0d0,Hello. Hello.
2025-07-23T21:49:44.450425,67731d46-97fd-40b6-987b-a94f9abd1f72,"Hello, hello, hello. Hello. Hello. Hello."
2025-07-23T21:49:47.920114,4e21d1ca-095f-4913-a0ad-160ee2b3f0d0,"Hello. Hello, everyone."
2025-07-23T21:49:51.646444,4e21d1ca-095f-4913-a0ad-160ee2b3f0d0,Are we happy to be here?
2025-07-23T21:49:53.595365,67731d46-97fd-40b6-987b-a94f9abd1f72,Hello everyone. I'm very happy to be..
2025-07-23T21:50:16.677309,67731d46-97fd-40b6-987b-a94f9abd1f72,"Hi, hello, it's time."
2025-07-23T21:50:18.959738,67731d46-97fd-40b6-987b-a94f9abd1f72,"Me, yeah, yeah, hello, hello."
2025-07-23T21:50:24.444678,46c2de31-182e-4fa7-abf9-a861e8147a2e,Hello everyone.
2025-07-23T21:50:25.371459,67731d46-97fd-40b6-987b-a94f9abd1f72,"Hello, everyone. So, I'm very happy to be.."
2025-07-23T21:50:25.577409,46c2de31-182e-4fa7-abf9-a861e8147a2e,"So, I'll be happy to be one."
2025-07-23T21:50:26.247007,67731d46-97fd-40b6-987b-a94f9abd1f72,Thank you. One more time.
2025-07-23T21:50:29.473284,67731d46-97fd-40b6-987b-a94f9abd1f72,"So for now, I have.."
2025-07-23T21:50:29.669710,46c2de31-182e-4fa7-abf9-a861e8147a2e,"So, for now, I have some question for..."
2025-07-23T21:50:30.456213,67731d46-97fd-40b6-987b-a94f9abd1f72,"Have some questions for Lara. Lara, how are you?"
2025-07-23T21:50:30.516741,46c2de31-182e-4fa7-abf9-a861e8147a2e,"Lotta, how are you?"
2025-07-23T21:50:49.821614,67731d46-97fd-40b6-987b-a94f9abd1f72,Lara..
2025-07-23T21:50:50.812855,46c2de31-182e-4fa7-abf9-a861e8147a2e,"Lotta, how are you?"
2025-07-23T21:50:52.767057,67731d46-97fd-40b6-987b-a94f9abd1f72,How are you?
2025-07-23T21:51:07.815933,67731d46-97fd-40b6-987b-a94f9abd1f72,Thanks for then.
2025-07-23T21:51:08.857247,46c2de31-182e-4fa7-abf9-a861e8147a2e,Let's put it in.
2025-07-23T21:51:10.856600,67731d46-97fd-40b6-987b-a94f9abd1f72,"Let's go, let's go, let's go.."
2025-07-23T21:51:25.722191,67731d46-97fd-40b6-987b-a94f9abd1f72,"Okay, I'll be in this as well."
2025-07-23T21:51:25.786801,46c2de31-182e-4fa7-abf9-a861e8147a2e,Look at your pieces level.
2025-07-23T21:51:28.839407,67731d46-97fd-40b6-987b-a94f9abd1f72,"Let's go, let's go, let's go."
2025-07-23T21:51:28.888361,46c2de31-182e-4fa7-abf9-a861e8147a2e,When it's available.
2025-07-23T21:51:31.552461,67731d46-97fd-40b6-987b-a94f9abd1f72,Thank you.
2025-07-23T21:51:34.722564,67731d46-97fd-40b6-987b-a94f9abd1f72,"Okay, Lara, how are you? Lara.."
2025-07-23T21:51:34.782634,46c2de31-182e-4fa7-abf9-a861e8147a2e,"Okilara, how are you? Lotta."
2025-07-23T21:51:37.680359,67731d46-97fd-40b6-987b-a94f9abd1f72,I have a question for you.
2025-07-23T21:51:37.730761,46c2de31-182e-4fa7-abf9-a861e8147a2e,I have a question for you.
2025-07-23T21:52:22.558159,46c2de31-182e-4fa7-abf9-a861e8147a2e,I'm doing well.
2025-07-23T21:59:48.628170,83d8304f-3f55-4f96-9e56-fe79fae75d6f,mmm mmm mmm mmm.
2025-07-23T21:59:51.856694,83d8304f-3f55-4f96-9e56-fe79fae75d6f,Mmm mmm mmm.
2025-07-23T21:59:57.591344,83d8304f-3f55-4f96-9e56-fe79fae75d6f,"Hi Nara, how are you?"
2025-07-23T21:59:59.628032,4dd30906-907a-43c8-8d60-165b0d7eb5ef,"Hi Nara, how are you?"
2025-07-23T22:00:00.607160,83d8304f-3f55-4f96-9e56-fe79fae75d6f,Thank you.
2025-07-23T22:00:08.674744,4dd30906-907a-43c8-8d60-165b0d7eb5ef,"Lara, how are you Lara?"
2025-07-23T22:00:09.681243,83d8304f-3f55-4f96-9e56-fe79fae75d6f,"Lara, how are you Lara?"
2025-07-23T22:00:12.653384,83d8304f-3f55-4f96-9e56-fe79fae75d6f,Mmm mmm mmm.
2025-07-23T22:00:14.709020,4dd30906-907a-43c8-8d60-165b0d7eb5ef,Let's do this together now.
2025-07-23T22:00:15.693273,83d8304f-3f55-4f96-9e56-fe79fae75d6f,You can't relax me. Can you not?
2025-07-23T22:00:17.699902,4dd30906-907a-43c8-8d60-165b0d7eb5ef,"Good night, see you for almost a minute."
2025-07-23T22:00:20.384377,83d8304f-3f55-4f96-9e56-fe79fae75d6f,I'll see you in a while. See you in a while. Bye. Bye.
2025-07-23T22:00:21.166106,4dd30906-907a-43c8-8d60-165b0d7eb5ef,Thank you very much. Thank you very much.
2025-07-23T22:00:21.885181,83d8304f-3f55-4f96-9e56-fe79fae75d6f,Mmm mmm mmm.
2025-07-23T22:00:23.695963,4dd30906-907a-43c8-8d60-165b0d7eb5ef,Thank you very much.
2025-07-23T22:00:29.646758,83d8304f-3f55-4f96-9e56-fe79fae75d6f,Mmm mmm mmm mmm.
2025-07-23T22:00:35.693495,4dd30906-907a-43c8-8d60-165b0d7eb5ef,Hello.
2025-07-23T22:00:36.668123,83d8304f-3f55-4f96-9e56-fe79fae75d6f,Hello.
2025-07-23T22:00:41.736765,4dd30906-907a-43c8-8d60-165b0d7eb5ef,"Lara, how are you?"
2025-07-23T22:00:42.721047,83d8304f-3f55-4f96-9e56-fe79fae75d6f,"Lara, how are you?"
2025-07-23T22:00:44.706747,4dd30906-907a-43c8-8d60-165b0d7eb5ef,Thank you very much.
2025-07-23T22:01:02.785122,4dd30906-907a-43c8-8d60-165b0d7eb5ef,Thank you.
2025-07-23T22:01:08.878781,4dd30906-907a-43c8-8d60-165b0d7eb5ef,Thank you.
2025-07-23T22:01:16.516369,83d8304f-3f55-4f96-9e56-fe79fae75d6f,Have an additional process.
2025-07-23T22:01:19.833399,83d8304f-3f55-4f96-9e56-fe79fae75d6f,There you go. Mmm mmm.
2025-07-23T22:01:20.633292,83d8304f-3f55-4f96-9e56-fe79fae75d6f,"Okay, there's a couple of them here. Yeah."
2025-07-23T22:01:21.129772,4dd30906-907a-43c8-8d60-165b0d7eb5ef,I wish you a nice great day.
2025-07-23T22:01:32.882755,4dd30906-907a-43c8-8d60-165b0d7eb5ef,Hello.
2025-07-23T22:01:33.868793,83d8304f-3f55-4f96-9e56-fe79fae75d6f,Hello.
2025-07-23T22:01:38.925137,4dd30906-907a-43c8-8d60-165b0d7eb5ef,"Hi, how are you? Hi."
2025-07-23T22:01:39.894774,83d8304f-3f55-4f96-9e56-fe79fae75d6f,"Hi, how are you? Ah, just..."
2025-07-23T22:01:41.922567,4dd30906-907a-43c8-8d60-165b0d7eb5ef,"I just, so I need..."
2025-07-23T22:01:42.917589,83d8304f-3f55-4f96-9e56-fe79fae75d6f,"So, I need to fix all..."
2025-07-23T22:01:44.916698,4dd30906-907a-43c8-8d60-165b0d7eb5ef,to fix all of this.
2025-07-23T22:01:45.903911,83d8304f-3f55-4f96-9e56-fe79fae75d6f,All of this. So...
2025-07-23T22:01:48.928225,83d8304f-3f55-4f96-9e56-fe79fae75d6f,I need to do that.
2025-07-23T22:01:51.280512,401c76df-16c6-42a5-8c25-db6c2ff41bb4,Did you touch?
2025-07-23T22:01:51.929507,83d8304f-3f55-4f96-9e56-fe79fae75d6f,Hello.
2025-07-23T22:01:53.914547,401c76df-16c6-42a5-8c25-db6c2ff41bb4,"Hello, how are you?"
2025-07-23T22:01:54.985416,83d8304f-3f55-4f96-9e56-fe79fae75d6f,Hello here.
2025-07-23T22:02:05.930644,401c76df-16c6-42a5-8c25-db6c2ff41bb4,Okay.
2025-07-23T22:02:07.009476,83d8304f-3f55-4f96-9e56-fe79fae75d6f,Um...
2025-07-23T22:02:08.921685,401c76df-16c6-42a5-8c25-db6c2ff41bb4,"Very, very happy to be here."
2025-07-23T22:02:10.064873,83d8304f-3f55-4f96-9e56-fe79fae75d6f,"Very, very happy to be here. So..."
2025-07-23T22:02:12.003184,401c76df-16c6-42a5-8c25-db6c2ff41bb4,So we want to talk about some...
2025-07-23T22:02:13.082828,83d8304f-3f55-4f96-9e56-fe79fae75d6f,We want to talk about something that's real...
2025-07-23T22:02:14.966111,401c76df-16c6-42a5-8c25-db6c2ff41bb4,"that's very, very important for us."
2025-07-23T22:02:16.092571,83d8304f-3f55-4f96-9e56-fe79fae75d6f,We are important for us.
2025-07-23T22:02:27.071255,401c76df-16c6-42a5-8c25-db6c2ff41bb4,Hmm.
2025-07-23T22:02:29.061544,b524c406-160d-412b-b372-57e7635fa2ae,Hello!
2025-07-23T22:02:30.035413,401c76df-16c6-42a5-8c25-db6c2ff41bb4,"Hello. Hi, how are you?"
2025-07-23T22:02:31.756937,b524c406-160d-412b-b372-57e7635fa2ae,"Hi, how are you?"
2025-07-23T22:02:33.071879,401c76df-16c6-42a5-8c25-db6c2ff41bb4,I'm very happy to be here.
2025-07-23T22:02:34.791736,b524c406-160d-412b-b372-57e7635fa2ae,I'm very happy to be here one more time.
2025-07-23T22:02:36.123735,401c76df-16c6-42a5-8c25-db6c2ff41bb4,We're happy to be here one more time. So...
2025-07-23T22:02:37.807058,b524c406-160d-412b-b372-57e7635fa2ae,"So, I just wanted to..."
2025-07-23T22:02:39.097790,401c76df-16c6-42a5-8c25-db6c2ff41bb4,I just wanted to... to tell you that...
2025-07-23T22:02:40.794023,b524c406-160d-412b-b372-57e7635fa2ae,to tell you that's a lot of...
2025-07-23T22:02:42.095812,401c76df-16c6-42a5-8c25-db6c2ff41bb4,that's a lot of... bench work done.
2025-07-23T22:02:45.533280,b524c406-160d-412b-b372-57e7635fa2ae,Don't don't... don't... doesn't work. But I did.
2025-07-23T22:02:45.633395,401c76df-16c6-42a5-8c25-db6c2ff41bb4,"It doesn't work, but I didn't see it here."
2025-07-23T22:02:46.860454,b524c406-160d-412b-b372-57e7635fa2ae,Let's see it here. Uh...
2025-07-23T22:02:48.139329,401c76df-16c6-42a5-8c25-db6c2ff41bb4,Uh... over if...
2025-07-23T22:02:49.815509,b524c406-160d-412b-b372-57e7635fa2ae,Over if... if... here.
2025-07-23T22:02:51.129230,401c76df-16c6-42a5-8c25-db6c2ff41bb4,if... here... I had all...
2025-07-23T22:02:52.836426,b524c406-160d-412b-b372-57e7635fa2ae,I had all answers.
2025-07-23T22:02:54.136604,401c76df-16c6-42a5-8c25-db6c2ff41bb4,answers.
2025-07-23T22:02:55.838740,b524c406-160d-412b-b372-57e7635fa2ae,"But, uh... I don't know."
2025-07-23T22:02:57.230270,401c76df-16c6-42a5-8c25-db6c2ff41bb4,But I don't know why Trump's...
2025-07-23T22:02:58.823660,b524c406-160d-412b-b372-57e7635fa2ae,"So, by the way, transcription.com."
2025-07-23T22:03:00.142377,401c76df-16c6-42a5-8c25-db6c2ff41bb4,"description, don't work."
2025-07-23T22:03:01.884207,b524c406-160d-412b-b372-57e7635fa2ae,Vlog.
2025-07-23T22:03:04.919237,b524c406-160d-412b-b372-57e7635fa2ae,"So, I have one..."
2025-07-23T22:03:06.206547,401c76df-16c6-42a5-8c25-db6c2ff41bb4,"So, I have one question for Lara."
2025-07-23T22:03:07.851311,b524c406-160d-412b-b372-57e7635fa2ae,Question for Lara. Lara. This...
2025-07-23T22:03:09.167658,401c76df-16c6-42a5-8c25-db6c2ff41bb4,"Lara, did you hear me?"
2025-07-23T22:03:10.865796,b524c406-160d-412b-b372-57e7635fa2ae,Did you hear me?
2025-07-23T22:03:12.175717,401c76df-16c6-42a5-8c25-db6c2ff41bb4,"Lara, did you..."
2025-07-23T22:03:13.963184,b524c406-160d-412b-b372-57e7635fa2ae,Lara. Did you hear me?
2025-07-23T22:03:15.219113,401c76df-16c6-42a5-8c25-db6c2ff41bb4,did you hear me?
2025-07-23T22:03:16.887072,b524c406-160d-412b-b372-57e7635fa2ae,Lara.
2025-07-23T22:03:18.225028,401c76df-16c6-42a5-8c25-db6c2ff41bb4,"Lara, for the last..."
2025-07-23T22:03:19.897528,b524c406-160d-412b-b372-57e7635fa2ae,"Lara, for the last time. Did you hear me?"
2025-07-23T22:03:21.239850,401c76df-16c6-42a5-8c25-db6c2ff41bb4,"time, did you hear me?"
2025-07-23T22:03:38.032464,b524c406-160d-412b-b372-57e7635fa2ae,I don't know.
2025-07-23T22:04:20.584778,401c76df-16c6-42a5-8c25-db6c2ff41bb4,That's it.
2025-07-23T22:04:20.642860,b524c406-160d-412b-b372-57e7635fa2ae,That's it. That's it.
2025-07-23T22:05:31.840824,c29abbf7-81ce-4dd3-af70-7ad377cfe319,"Give it a read, it'll give it a read, it'll give it a read"
2025-07-23T22:05:33.328838,c29abbf7-81ce-4dd3-af70-7ad377cfe319,And...
2025-07-23T22:05:37.840848,c29abbf7-81ce-4dd3-af70-7ad377cfe319,Oh shit!
2025-07-23T22:05:39.884229,4932f4b8-78bd-4028-a955-93eed3a6b970,AHHH!
2025-07-23T22:05:40.268491,c29abbf7-81ce-4dd3-af70-7ad377cfe319,Who is that? Good.
2025-07-23T22:05:41.861992,4932f4b8-78bd-4028-a955-93eed3a6b970,AHHH and get some... La Ra!
2025-07-23T22:05:47.098827,4932f4b8-78bd-4028-a955-93eed3a6b970,How are you?
2025-07-23T22:05:47.404136,c29abbf7-81ce-4dd3-af70-7ad377cfe319,"Larrar, how are you?"
2025-07-23T22:05:48.210498,c29abbf7-81ce-4dd3-af70-7ad377cfe319,"Larrar, how are you? Larrar..."
2025-07-23T22:05:50.073023,4932f4b8-78bd-4028-a955-93eed3a6b970,"La Ra! How are you, Lara?"
2025-07-23T22:05:53.021671,4932f4b8-78bd-4028-a955-93eed3a6b970,La Ra! How are you?
2025-07-23T22:05:54.172872,c29abbf7-81ce-4dd3-af70-7ad377cfe319,"Larrar, how are you?"
2025-07-23T22:05:59.025609,4932f4b8-78bd-4028-a955-93eed3a6b970,La Ra! AHHH!
2025-07-23T22:06:00.213661,c29abbf7-81ce-4dd3-af70-7ad377cfe319,"Larrar, I have no question for you..."
2025-07-23T22:06:02.096681,4932f4b8-78bd-4028-a955-93eed3a6b970,Do you have any questions for you?
2025-07-23T22:06:03.210504,c29abbf7-81ce-4dd3-af70-7ad377cfe319,Thank you.
2025-07-23T22:06:08.105660,4932f4b8-78bd-4028-a955-93eed3a6b970,La Ra! I have...
2025-07-23T22:06:09.209281,c29abbf7-81ce-4dd3-af70-7ad377cfe319,"Larrar, I have a question for you..."
2025-07-23T22:06:14.792022,c29abbf7-81ce-4dd3-af70-7ad377cfe319,"Larrar, I have a question..."
2025-07-23T22:06:18.955575,4932f4b8-78bd-4028-a955-93eed3a6b970,La Ra! I have a question for you.
2025-07-23T22:06:19.308141,4932f4b8-78bd-4028-a955-93eed3a6b970,A question for you. La Ra! AHHH! AHHH! AHHH!
2025-07-23T22:06:20.147833,c29abbf7-81ce-4dd3-af70-7ad377cfe319,"Larrar, I have a..."
2025-07-23T22:06:20.406198,4932f4b8-78bd-4028-a955-93eed3a6b970,"La Ra, I have a question for you."
2025-07-23T22:06:21.205665,c29abbf7-81ce-4dd3-af70-7ad377cfe319,"Larrar, I have a question for you..."
2025-07-23T22:06:26.130734,4932f4b8-78bd-4028-a955-93eed3a6b970,La Ra! La Ra! AHHH!
2025-07-23T22:06:27.321533,c29abbf7-81ce-4dd3-af70-7ad377cfe319,Larrar... Larrar...
2025-07-23T22:06:29.195046,4932f4b8-78bd-4028-a955-93eed3a6b970,La Ra! AHHH! AHHH!
2025-07-23T22:06:30.359085,c29abbf7-81ce-4dd3-af70-7ad377cfe319,Larrar... Larrar... Larrar... Larrar...
2025-07-23T22:06:32.276778,4932f4b8-78bd-4028-a955-93eed3a6b970,La Ra! La Ra! La Ra! AHHH! AHHH! AHHH! AHHH!
2025-07-23T22:06:33.426946,c29abbf7-81ce-4dd3-af70-7ad377cfe319,Larrar... Larrar... Larrar... Larrar...
2025-07-23T22:06:35.265909,4932f4b8-78bd-4028-a955-93eed3a6b970,La Ra! La Ra! La Ra! AHHH! AHHH!
2025-07-23T22:06:36.404168,c29abbf7-81ce-4dd3-af70-7ad377cfe319,Larrar... Larrar... Larrar... Larrar... Larrar...
2025-07-23T22:06:38.269371,4932f4b8-78bd-4028-a955-93eed3a6b970,La Ra! La Ra! AHHH! AHHH!
2025-07-23T22:06:39.403539,c29abbf7-81ce-4dd3-af70-7ad377cfe319,Larrar... Larrar... Larrar... Larrar...
2025-07-23T22:06:41.255435,4932f4b8-78bd-4028-a955-93eed3a6b970,La Ra! La Ra! La Ra! AHHH! AHHH! AHHH! AHHH!
2025-07-23T22:06:56.212549,c29abbf7-81ce-4dd3-af70-7ad377cfe319,Larrar... Larrar... Larrar... Larrar... Larrar... Larrar... Larrar... Larrar... Larrar... Larrar... Larrar... Larrar... Larrar... Larrar... Larrar... Larrar... Larrar... Larrar... Larrar... Larrar... Larrar... Larrar... Larrar... Larrar... Larrar... Larrar... Larrar... Larrar... Larrar... Larrar... Larrar... Larrar... Larrar... Larrar... Larrar... Larrar... Larrar... Larrar... Larrar... Larrar... Larrar... Larrar... Larrar... Larrar... Larrar... Larrar... Larrar... Larrar... Larrar... Larrar... Larrar... Larrar... Larrar... Larrar... Larrar... Larrar
2025-07-23T22:07:00.102379,c29abbf7-81ce-4dd3-af70-7ad377cfe319,Larrar... Larrar... Larrar... Larrar...
2025-07-23T22:07:00.704241,4932f4b8-78bd-4028-a955-93eed3a6b970,La Ra! La Ra! La Ra! La Ra!
2025-07-23T22:07:02.907594,c29abbf7-81ce-4dd3-af70-7ad377cfe319,Larrar... Larrar... Larrar... Larrar... Larrar...
2025-07-23T22:37:05.512661,04268602-ad8e-4371-bc3e-9a4a379908b6,Control on the sink.
2025-07-23T22:37:11.400992,04268602-ad8e-4371-bc3e-9a4a379908b6,Hello. Hello.
2025-07-23T22:37:12.818684,04268602-ad8e-4371-bc3e-9a4a379908b6,I hope you're doing well.
2025-07-23T22:37:15.814138,04268602-ad8e-4371-bc3e-9a4a379908b6,Okay.
2025-07-23T22:37:17.204703,04268602-ad8e-4371-bc3e-9a4a379908b6,"Yeah, I'd like to do."
2025-07-23T22:37:18.695521,04268602-ad8e-4371-bc3e-9a4a379908b6,It's been.
2025-07-23T22:37:21.128114,04268602-ad8e-4371-bc3e-9a4a379908b6,So.
2025-07-23T22:37:22.865136,04268602-ad8e-4371-bc3e-9a4a379908b6,"Laura, how are you?"
2025-07-23T22:37:24.358556,926cccdf-0417-4b10-9107-2bc2b80512eb,Where are you?
2025-07-23T22:37:24.888069,926cccdf-0417-4b10-9107-2bc2b80512eb,"So, a lot of..."
2025-07-23T22:37:26.067696,04268602-ad8e-4371-bc3e-9a4a379908b6,You're doing well. You're doing well.
2025-07-23T22:37:36.242996,926cccdf-0417-4b10-9107-2bc2b80512eb,Lara!
2025-07-23T22:37:37.615954,04268602-ad8e-4371-bc3e-9a4a379908b6,"Laura, how are you?"
2025-07-23T22:37:37.845380,926cccdf-0417-4b10-9107-2bc2b80512eb,"How are you, Lara?"
2025-07-23T22:37:39.095446,04268602-ad8e-4371-bc3e-9a4a379908b6,"You, Laura."
2025-07-23T22:37:41.314169,926cccdf-0417-4b10-9107-2bc2b80512eb,Not...
2025-07-23T22:37:42.531010,04268602-ad8e-4371-bc3e-9a4a379908b6,"Laura, I'm sure you are."
2025-07-23T22:37:42.769686,926cccdf-0417-4b10-9107-2bc2b80512eb,I'm sure you're...
2025-07-23T22:37:44.519794,926cccdf-0417-4b10-9107-2bc2b80512eb,Lara...
2025-07-23T22:37:44.741648,04268602-ad8e-4371-bc3e-9a4a379908b6,Laura.
2025-07-23T22:37:46.329982,926cccdf-0417-4b10-9107-2bc2b80512eb,"Lara, how are you?"
2025-07-23T22:37:46.563672,04268602-ad8e-4371-bc3e-9a4a379908b6,How are you?
2025-07-23T22:37:59.309702,04268602-ad8e-4371-bc3e-9a4a379908b6,Um.
2025-07-23T22:37:59.557754,926cccdf-0417-4b10-9107-2bc2b80512eb,Um...
2025-07-23T22:38:00.871451,04268602-ad8e-4371-bc3e-9a4a379908b6,I'm doing well.
2025-07-23T22:38:01.154746,926cccdf-0417-4b10-9107-2bc2b80512eb,I'm doing with...
2025-07-23T22:38:02.607475,04268602-ad8e-4371-bc3e-9a4a379908b6,Thank you.
2025-07-23T22:38:02.864169,926cccdf-0417-4b10-9107-2bc2b80512eb,Thank you.
2025-07-23T22:38:04.834008,04268602-ad8e-4371-bc3e-9a4a379908b6,"Yes, please. Yes, please. Yes, please."
2025-07-23T22:38:05.096532,926cccdf-0417-4b10-9107-2bc2b80512eb,"Yes, please."
2025-07-23T22:38:07.364102,04268602-ad8e-4371-bc3e-9a4a379908b6,Sorry.
2025-07-23T22:38:07.626579,926cccdf-0417-4b10-9107-2bc2b80512eb,Sorry. I know.
2025-07-23T22:38:09.106202,04268602-ad8e-4371-bc3e-9a4a379908b6,"Yes, please. Yes, please."
2025-07-23T22:38:09.363805,926cccdf-0417-4b10-9107-2bc2b80512eb,That's so cool.
2025-07-23T22:38:10.803644,04268602-ad8e-4371-bc3e-9a4a379908b6,It's so hot.
2025-07-23T22:38:11.067137,926cccdf-0417-4b10-9107-2bc2b80512eb,It's so hot.
2025-07-23T22:38:13.897649,04268602-ad8e-4371-bc3e-9a4a379908b6,Laura.
2025-07-23T22:38:14.149431,926cccdf-0417-4b10-9107-2bc2b80512eb,Lara!
2025-07-23T22:38:16.424008,04268602-ad8e-4371-bc3e-9a4a379908b6,Can you give me the.
2025-07-23T22:38:16.692297,926cccdf-0417-4b10-9107-2bc2b80512eb,Can you give me the...
2025-07-23T22:38:18.056072,04268602-ad8e-4371-bc3e-9a4a379908b6,"Yes, please. Yes, please."
2025-07-23T22:38:18.314011,926cccdf-0417-4b10-9107-2bc2b80512eb,Let's...
2025-07-23T22:38:19.898358,04268602-ad8e-4371-bc3e-9a4a379908b6,"Uh, summary of."
2025-07-23T22:38:20.168435,926cccdf-0417-4b10-9107-2bc2b80512eb,"Uh, summary of..."
2025-07-23T22:38:22.110597,926cccdf-0417-4b10-9107-2bc2b80512eb,. . . . . . . .
2025-07-23T22:38:29.907640,04268602-ad8e-4371-bc3e-9a4a379908b6,Of the last truth.
2025-07-23T22:38:33.263867,04268602-ad8e-4371-bc3e-9a4a379908b6,"Yes, please."
2025-07-23T22:38:33.533353,926cccdf-0417-4b10-9107-2bc2b80512eb,...of the last 30...
2025-07-23T22:38:35.156599,04268602-ad8e-4371-bc3e-9a4a379908b6,"Yes, please. Yes, please. Yes, please."
2025-07-23T22:38:35.435551,926cccdf-0417-4b10-9107-2bc2b80512eb,I'm... I'm trying to see...
2025-07-23T22:38:37.277479,926cccdf-0417-4b10-9107-2bc2b80512eb,It begins.
2025-07-23T22:38:46.433481,04268602-ad8e-4371-bc3e-9a4a379908b6,"Yes, please. Thank you. Thank you."
2025-07-23T22:38:47.571048,926cccdf-0417-4b10-9107-2bc2b80512eb,Lara!
2025-07-23T22:38:47.822462,04268602-ad8e-4371-bc3e-9a4a379908b6,Laura.
2025-07-23T22:38:49.865295,926cccdf-0417-4b10-9107-2bc2b80512eb,...and...
2025-07-23T22:38:53.846956,04268602-ad8e-4371-bc3e-9a4a379908b6,"Uh, summary."
2025-07-23T22:38:56.123703,04268602-ad8e-4371-bc3e-9a4a379908b6,Yeah.
2025-07-23T22:38:59.116609,926cccdf-0417-4b10-9107-2bc2b80512eb,...the summary.
2025-07-23T22:38:59.395455,04268602-ad8e-4371-bc3e-9a4a379908b6,"Yes, please. Yes."
2025-07-23T22:39:02.866736,04268602-ad8e-4371-bc3e-9a4a379908b6,"The last 30 seconds. Yes, please. Yes."
2025-07-23T22:39:07.159627,926cccdf-0417-4b10-9107-2bc2b80512eb,...the last 30 seconds.
2025-07-23T22:39:10.441682,926cccdf-0417-4b10-9107-2bc2b80512eb,...of the...
2025-07-23T22:39:10.747153,04268602-ad8e-4371-bc3e-9a4a379908b6,"Yes, please. Yes, please."
2025-07-23T22:39:12.020716,926cccdf-0417-4b10-9107-2bc2b80512eb,Please.
2025-07-23T22:39:41.952712,04268602-ad8e-4371-bc3e-9a4a379908b6,"Shh. Yes, please."
2025-07-23T22:39:42.624400,926cccdf-0417-4b10-9107-2bc2b80512eb,. . . . . . . . . . . . . . . . . . . . . . . . . . . . . . . . . . . . . . . . . . . . . . . . . . . . . . . . . . . . . . . . . . . . . . . . . . . . . . . . . . . . . . . . . . . . . . . . . . . . . . . . . . . . . . . . . . . . . . . . . . . . . . . . . . . . . . . . . . . . . . . . . . . . . . . . . . . . . . . . . . . . . . . . . . . . . . . . . . . . . . . . . . . . . . . . . . . . . . . . . . . . . . . . . . . . . . . . . . . . . . .
2025-07-23T22:39:49.353132,926cccdf-0417-4b10-9107-2bc2b80512eb,Um...
2025-07-23T22:39:49.624570,04268602-ad8e-4371-bc3e-9a4a379908b6,Um.
2025-07-23T22:39:51.921966,926cccdf-0417-4b10-9107-2bc2b80512eb,Summary.
2025-07-23T22:39:52.251883,04268602-ad8e-4371-bc3e-9a4a379908b6,Summary.
2025-07-23T22:39:54.633130,926cccdf-0417-4b10-9107-2bc2b80512eb,...of the last 30...
2025-07-23T22:39:54.944632,04268602-ad8e-4371-bc3e-9a4a379908b6,Of the last.
2025-07-23T22:39:57.245336,926cccdf-0417-4b10-9107-2bc2b80512eb,"Just one minute, please."
2025-07-23T22:39:57.526255,04268602-ad8e-4371-bc3e-9a4a379908b6,Just one minute please.
2025-07-23T22:40:04.494427,926cccdf-0417-4b10-9107-2bc2b80512eb,And then we should...
2025-07-23T22:40:15.230976,926cccdf-0417-4b10-9107-2bc2b80512eb,...that's the summary.
2025-07-23T22:40:17.780238,04268602-ad8e-4371-bc3e-9a4a379908b6,And then we should.
2025-07-23T22:40:18.079978,04268602-ad8e-4371-bc3e-9a4a379908b6,"Yes, please. Yes, please. Yes, please."
2025-07-23T22:40:21.808066,04268602-ad8e-4371-bc3e-9a4a379908b6,"Yes, please. Yes."
2025-07-23T22:40:22.427066,926cccdf-0417-4b10-9107-2bc2b80512eb,...of the next 30 seconds.
2025-07-24T09:44:19.514943,b8c390af-ea73-4674-a20f-86584b2c439c,I know I'm a T. S. S. S. S. S. S. S. S. S. S. S. S. S. S.
2025-07-24T10:15:54.718673,de02fd2b-3eb9-4048-9664-daf451e9c468,S S S S S S S S S S S S S
2025-07-24T10:15:56.483131,356a0c24-3ea2-42cd-a7e8-cf7428f8e21c,S S S S S S S S S S S S S S
2025-07-24T10:21:30.933191,9e1a86ad-da26-42f7-8f1f-d7a725f510d7,S S S S S S S S S S S S
2025-07-24T10:21:34.834645,f730b23c-b0fe-4e30-9e5f-b1648f47b3f4,I'm going to do it.
2025-07-24T10:21:41.447464,f730b23c-b0fe-4e30-9e5f-b1648f47b3f4,S S S S S S S S S S S S S S
2025-07-24T10:21:43.694976,67a0b478-d6b7-4135-87f5-d3f255861577,Now about that.
2025-07-24T10:21:57.385403,f730b23c-b0fe-4e30-9e5f-b1648f47b3f4,Hello.
2025-07-24T10:21:59.399452,f730b23c-b0fe-4e30-9e5f-b1648f47b3f4,I'm going to do it.
2025-07-24T10:22:06.523141,f730b23c-b0fe-4e30-9e5f-b1648f47b3f4,I'm not listening. I'm going to do it.
2025-07-24T10:22:12.149077,f730b23c-b0fe-4e30-9e5f-b1648f47b3f4,I'm going to do it.
2025-07-24T10:22:14.004563,f730b23c-b0fe-4e30-9e5f-b1648f47b3f4,S S S S
2025-07-24T10:22:15.953613,f730b23c-b0fe-4e30-9e5f-b1648f47b3f4,S S S S
2025-07-24T10:22:17.634400,67a0b478-d6b7-4135-87f5-d3f255861577,Can you hear me?
2025-07-24T10:22:17.903161,f730b23c-b0fe-4e30-9e5f-b1648f47b3f4,S S S
2025-07-24T10:22:22.701206,f730b23c-b0fe-4e30-9e5f-b1648f47b3f4,S S S
2025-07-24T10:22:27.945310,f730b23c-b0fe-4e30-9e5f-b1648f47b3f4,S S S
2025-07-24T10:22:28.278346,67a0b478-d6b7-4135-87f5-d3f255861577,See if we can get out of here.
2025-07-24T10:22:29.995859,f730b23c-b0fe-4e30-9e5f-b1648f47b3f4,S S S S
2025-07-24T10:22:30.264216,67a0b478-d6b7-4135-87f5-d3f255861577,Fuck me.
2025-07-24T10:22:32.019776,f730b23c-b0fe-4e30-9e5f-b1648f47b3f4,S S S S
2025-07-24T10:22:34.399556,f730b23c-b0fe-4e30-9e5f-b1648f47b3f4,S S S
2025-07-24T10:22:34.682096,67a0b478-d6b7-4135-87f5-d3f255861577,Thank you.
2025-07-24T10:22:36.584259,67a0b478-d6b7-4135-87f5-d3f255861577,Thank you very much.
2025-07-24T10:22:36.879036,f730b23c-b0fe-4e30-9e5f-b1648f47b3f4,S S S S
2025-07-24T10:22:38.919811,f730b23c-b0fe-4e30-9e5f-b1648f47b3f4,S S S S S S S
2025-07-24T10:22:41.003971,67a0b478-d6b7-4135-87f5-d3f255861577,"Oh, yes."
2025-07-24T10:22:41.319939,f730b23c-b0fe-4e30-9e5f-b1648f47b3f4,S S S S
2025-07-24T10:22:43.513036,67a0b478-d6b7-4135-87f5-d3f255861577,Let me see.
2025-07-24T10:22:43.792417,f730b23c-b0fe-4e30-9e5f-b1648f47b3f4,S S S S S
2025-07-24T10:22:45.830837,67a0b478-d6b7-4135-87f5-d3f255861577,It's a good.
2025-07-24T10:22:46.141013,f730b23c-b0fe-4e30-9e5f-b1648f47b3f4,Yeah.
2025-07-24T10:22:49.152354,67a0b478-d6b7-4135-87f5-d3f255861577,Yeah.
2025-07-24T10:22:49.511676,f730b23c-b0fe-4e30-9e5f-b1648f47b3f4,S S S S S S
2025-07-24T10:22:52.863740,67a0b478-d6b7-4135-87f5-d3f255861577,Yeah.
2025-07-24T10:22:56.819187,f730b23c-b0fe-4e30-9e5f-b1648f47b3f4,Yeah. Yeah. Yeah.
2025-07-24T10:22:58.925374,67a0b478-d6b7-4135-87f5-d3f255861577,We're going to need that.
2025-07-24T10:22:59.266764,67a0b478-d6b7-4135-87f5-d3f255861577,Welcome back.
2025-07-24T10:23:08.137011,67a0b478-d6b7-4135-87f5-d3f255861577,This is.
2025-07-24T10:23:13.573454,f730b23c-b0fe-4e30-9e5f-b1648f47b3f4,Let's do it.
2025-07-24T10:23:15.476148,67a0b478-d6b7-4135-87f5-d3f255861577,No.
2025-07-24T10:23:15.790945,f730b23c-b0fe-4e30-9e5f-b1648f47b3f4,No.
2025-07-24T10:23:18.306201,f730b23c-b0fe-4e30-9e5f-b1648f47b3f4,I'm going to do it right now.
2025-07-24T10:23:21.059694,67a0b478-d6b7-4135-87f5-d3f255861577,Keep it ready after me.
2025-07-24T12:38:08.342680,6b91e682-9817-4e93-ad30-d258b8f7b4cb,Thank you.
2025-07-24T12:38:19.881736,90daad08-14ac-467c-911b-4d95089c2fe9,Mhm. Mhm. Mhm. Mhm. Mhm.
2025-07-24T12:38:28.266271,90daad08-14ac-467c-911b-4d95089c2fe9,Mhm. Mhm. Mhm.
2025-07-24T12:38:30.248666,90daad08-14ac-467c-911b-4d95089c2fe9,Mhm. Mhm. Mhm. Mhm.
2025-07-24T12:38:32.299951,90daad08-14ac-467c-911b-4d95089c2fe9,Mhm. Mhm. Mhm. Mhm. Mhm.
2025-07-24T12:38:35.012439,90daad08-14ac-467c-911b-4d95089c2fe9,Mhm. Mhm. Mhm. Mhm.
2025-07-24T12:38:38.035884,90daad08-14ac-467c-911b-4d95089c2fe9,Mhm. Mhm. Mhm. Mhm.
2025-07-24T12:38:42.716842,90daad08-14ac-467c-911b-4d95089c2fe9,Mhm. Mhm. Mhm. Mhm.
2025-07-24T12:38:44.988850,90daad08-14ac-467c-911b-4d95089c2fe9,Mhm. Mhm. Mhm. Mhm.
2025-07-24T12:38:46.617115,90daad08-14ac-467c-911b-4d95089c2fe9,Mhm. Mhm.
2025-07-24T12:38:48.453184,90daad08-14ac-467c-911b-4d95089c2fe9,Mhm. Mhm. Mhm. Mhm. Mhm.
2025-07-24T12:38:50.252804,90daad08-14ac-467c-911b-4d95089c2fe9,Mhm. Mhm. Mhm. Mhm. Mhm.
2025-07-24T12:38:53.451847,90daad08-14ac-467c-911b-4d95089c2fe9,Mhm. Mhm. Mhm. Mhm.
2025-07-24T12:38:55.185571,90daad08-14ac-467c-911b-4d95089c2fe9,Mhm. Mhm. Mhm.
2025-07-24T12:38:56.914323,12709537-b40b-4112-bfe5-a1494f44dd66,Good job. I love you.
2025-07-24T12:38:58.933014,90daad08-14ac-467c-911b-4d95089c2fe9,Mhm. Mhm. Mhm. Mhm.
2025-07-24T12:39:01.187892,90daad08-14ac-467c-911b-4d95089c2fe9,Mhm. Mhm. Mhm.
2025-07-24T12:39:03.511601,90daad08-14ac-467c-911b-4d95089c2fe9,Mhm. Mhm. Mhm. Mhm.
2025-07-24T12:39:07.043748,90daad08-14ac-467c-911b-4d95089c2fe9,Mhm. Mhm. Mhm. Mhm.
2025-07-24T12:39:11.173109,90daad08-14ac-467c-911b-4d95089c2fe9,Mhm. Mhm. Mhm. Mhm.
2025-07-24T12:39:15.622500,90daad08-14ac-467c-911b-4d95089c2fe9,Mhm. Mhm. Mhm. Mhm.
2025-07-24T12:39:17.860916,90daad08-14ac-467c-911b-4d95089c2fe9,Mhm. Mhm. Mhm. Mhm.
2025-07-24T12:39:22.247443,90daad08-14ac-467c-911b-4d95089c2fe9,Mhm. Mhm. Mhm. Mhm.
2025-07-24T12:39:26.222041,90daad08-14ac-467c-911b-4d95089c2fe9,Mhm. Mhm. Mhm. Mhm.
2025-07-24T12:39:26.640887,90daad08-14ac-467c-911b-4d95089c2fe9,Mhm. Mhm. Mhm.
2025-07-24T12:55:40.921289,9c0796ea-02ce-49bd-a75d-3a0d7cafcfed,S S S S S S S S S S S S S
2025-07-24T12:56:07.118492,9c0796ea-02ce-49bd-a75d-3a0d7cafcfed,S S S
2025-07-24T12:56:13.425481,9c0796ea-02ce-49bd-a75d-3a0d7cafcfed,S S S S S S S S S S S S S S
2025-07-24T12:56:32.085360,9c0796ea-02ce-49bd-a75d-3a0d7cafcfed,S S
2025-07-24T21:12:03.179230,1cf61d4b-871b-4656-afef-2dc5aa496675,hmm.
2025-07-24T21:12:08.459834,1cf61d4b-871b-4656-afef-2dc5aa496675,That is an either.
2025-07-24T21:12:11.086804,1cf61d4b-871b-4656-afef-2dc5aa496675,I'm a little.
2025-07-24T21:12:11.342970,1cf61d4b-871b-4656-afef-2dc5aa496675,Okay.
2025-07-24T21:12:12.811153,1cf61d4b-871b-4656-afef-2dc5aa496675,I'll see you later.
2025-07-24T21:12:13.078001,1cf61d4b-871b-4656-afef-2dc5aa496675,Hello. Hello. Hello. Hello. Hello.
2025-07-24T21:12:14.442690,1cf61d4b-871b-4656-afef-2dc5aa496675,I don't care about it.
2025-07-24T21:12:14.692705,1cf61d4b-871b-4656-afef-2dc5aa496675,What's up guitar?
2025-07-24T21:12:16.257250,1cf61d4b-871b-4656-afef-2dc5aa496675,That was all I keep in.
2025-07-24T21:12:16.540661,1cf61d4b-871b-4656-afef-2dc5aa496675,"Uh, 20th, that's me."
2025-07-24T21:12:21.183659,1cf61d4b-871b-4656-afef-2dc5aa496675,I'll see you later.
2025-07-24T21:12:26.129250,1cf61d4b-871b-4656-afef-2dc5aa496675,It's okay.
2025-07-24T21:12:26.422446,1cf61d4b-871b-4656-afef-2dc5aa496675,Okay.
2025-07-24T21:12:27.818611,1cf61d4b-871b-4656-afef-2dc5aa496675,I'll see you later.
2025-07-24T21:12:28.077992,1cf61d4b-871b-4656-afef-2dc5aa496675,I'll see you later.
2025-07-24T21:12:29.469723,1cf61d4b-871b-4656-afef-2dc5aa496675,Okay.
2025-07-24T21:12:29.776272,1cf61d4b-871b-4656-afef-2dc5aa496675,All right. All right. All right. All right.
2025-07-24T21:30:50.359266,b6e4545e-33fa-4fce-84d5-ac47468c6f9f,S S S S S S S S S S S S S
2025-07-25T07:45:34.842026,01f90d63-be68-4243-9e64-29c4cc37fbba,Mhm. Mhm. Mhm. Mhm. Mhm.
2025-07-25T07:45:35.309715,59c379f2-ea2a-4dda-9acd-1097f85e8883,Mhm. Mhm. Mhm. Mhm. Mhm.
2025-07-25T07:45:42.134430,01f90d63-be68-4243-9e64-29c4cc37fbba,Mhm. Mhm. Mhm. Mhm. Mhm.
2025-07-25T07:45:43.965353,59c379f2-ea2a-4dda-9acd-1097f85e8883,Mhm. Mhm. Mhm. Mhm.
2025-07-25T07:45:44.254207,59c379f2-ea2a-4dda-9acd-1097f85e8883,Mhm. Mhm. Mhm. Mhm. Mhm.
2025-07-25T07:45:47.464638,01f90d63-be68-4243-9e64-29c4cc37fbba,Mhm. Mhm. Mhm. Mhm. Mhm.
2025-07-25T07:45:47.751199,59c379f2-ea2a-4dda-9acd-1097f85e8883,Mhm. Mhm. Mhm. Mhm.
2025-07-25T07:45:49.319891,59c379f2-ea2a-4dda-9acd-1097f85e8883,Mhm. Mhm. Mhm. Mhm.
2025-07-25T07:45:52.262512,59c379f2-ea2a-4dda-9acd-1097f85e8883,"Mhm. Hello, everyone."
2025-07-25T07:45:54.416894,59c379f2-ea2a-4dda-9acd-1097f85e8883,Mhm. Mhm. Mhm. Mhm. Mhm.
2025-07-25T07:45:56.417222,59c379f2-ea2a-4dda-9acd-1097f85e8883,Mhm. Mhm. Mhm. Mhm. Mhm. Mhm.
2025-07-25T07:45:57.904503,59c379f2-ea2a-4dda-9acd-1097f85e8883,Mhm. Mhm. Mhm. Mhm. Mhm.
2025-07-25T07:45:59.884746,59c379f2-ea2a-4dda-9acd-1097f85e8883,"Hello, everyone."
2025-07-25T07:46:00.137362,36a6ab67-b556-44e6-bdd3-b59041e7aa3b,Hello everyone.
2025-07-25T07:46:11.299326,59c379f2-ea2a-4dda-9acd-1097f85e8883,Mhm. Mhm. Mhm. Mhm.
2025-07-25T07:46:22.121477,59c379f2-ea2a-4dda-9acd-1097f85e8883,"Mhm. Mhm. Yeah, Mhm. Mhm. So, and"
2025-07-25T07:46:24.364722,59c379f2-ea2a-4dda-9acd-1097f85e8883,Mhm. Mhm. I'm happy to be
2025-07-25T07:46:24.730637,59c379f2-ea2a-4dda-9acd-1097f85e8883,Mhm. Mhm. Mhm. Mhm.
2025-07-25T07:46:26.265079,36a6ab67-b556-44e6-bdd3-b59041e7aa3b,Here with you again.
2025-07-25T07:46:28.147347,59c379f2-ea2a-4dda-9acd-1097f85e8883,Mhm. Mhm. Mhm. Mhm.
2025-07-25T07:46:32.271794,59c379f2-ea2a-4dda-9acd-1097f85e8883,Mhm. Mhm. Mhm. So.
2025-07-25T07:46:32.534727,36a6ab67-b556-44e6-bdd3-b59041e7aa3b,So...
2025-07-25T07:46:34.575830,59c379f2-ea2a-4dda-9acd-1097f85e8883,Mhm. Mhm. Mhm. Mhm.
2025-07-25T07:46:34.870752,36a6ab67-b556-44e6-bdd3-b59041e7aa3b,"Uh, first time in my..."
2025-07-25T07:46:39.562456,59c379f2-ea2a-4dda-9acd-1097f85e8883,I want to talk about some
2025-07-25T07:46:43.652366,36a6ab67-b556-44e6-bdd3-b59041e7aa3b,I'm going to talk about some...
2025-07-25T07:46:44.347734,36a6ab67-b556-44e6-bdd3-b59041e7aa3b,And we're going to be
2025-07-25T07:46:45.838577,59c379f2-ea2a-4dda-9acd-1097f85e8883,Mhm. Mhm. Mhm. Mhm. Mhm.
2025-07-25T07:46:46.119594,36a6ab67-b556-44e6-bdd3-b59041e7aa3b,It's very important.
2025-07-25T07:46:48.059530,59c379f2-ea2a-4dda-9acd-1097f85e8883,Mhm. Mhm. Mhm. Mhm.
2025-07-25T07:46:48.351335,36a6ab67-b556-44e6-bdd3-b59041e7aa3b,For us. So.
2025-07-25T07:46:50.117936,59c379f2-ea2a-4dda-9acd-1097f85e8883,Mhm. Mhm. Mhm. Mhm.
2025-07-25T07:46:50.401935,36a6ab67-b556-44e6-bdd3-b59041e7aa3b,Hello.
2025-07-25T07:47:01.670484,36a6ab67-b556-44e6-bdd3-b59041e7aa3b,We want to talk about the
2025-07-25T07:53:54.372219,a0ebf6a0-7fc8-4135-8149-8e0258dbe1cb,So...
2025-07-25T07:53:56.623930,55d1206e-2c77-45ad-bf4f-444631614173,So hello everyone. Today we want to talk about
2025-07-25T07:53:56.818488,a0ebf6a0-7fc8-4135-8149-8e0258dbe1cb,Hello everyone. Today we want to talk about something...
2025-07-25T07:53:59.552288,55d1206e-2c77-45ad-bf4f-444631614173,something that I think. So
2025-07-25T07:53:59.710285,a0ebf6a0-7fc8-4135-8149-8e0258dbe1cb,So we want to talk about...
2025-07-25T07:54:01.849294,55d1206e-2c77-45ad-bf4f-444631614173,we want to talk about
2025-07-25T07:54:02.661370,a0ebf6a0-7fc8-4135-8149-8e0258dbe1cb,Let's talk about...
2025-07-25T07:54:05.572012,55d1206e-2c77-45ad-bf4f-444631614173,the video. So
2025-07-25T07:54:05.743259,a0ebf6a0-7fc8-4135-8149-8e0258dbe1cb,The video. So... The video...
2025-07-25T07:54:08.692513,55d1206e-2c77-45ad-bf4f-444631614173,do what you're in by today. So let's ask
2025-07-25T07:54:08.901157,a0ebf6a0-7fc8-4135-8149-8e0258dbe1cb,In my video. So let's ask Lara.
2025-07-25T07:54:11.597823,55d1206e-2c77-45ad-bf4f-444631614173,Lara Lara
2025-07-25T07:54:11.744923,a0ebf6a0-7fc8-4135-8149-8e0258dbe1cb,"Lara, are we..."
2025-07-25T07:54:13.865958,55d1206e-2c77-45ad-bf4f-444631614173,How is the weather in body today?
2025-07-25T07:54:27.277988,a0ebf6a0-7fc8-4135-8149-8e0258dbe1cb,Who is the winner in body today?
2025-07-25T07:54:32.753168,a0ebf6a0-7fc8-4135-8149-8e0258dbe1cb,How we...
2025-07-25T07:54:32.882411,55d1206e-2c77-45ad-bf4f-444631614173,How we
2025-07-25T07:54:35.985655,a0ebf6a0-7fc8-4135-8149-8e0258dbe1cb,Who is the winner in body today? Lara.
2025-07-25T07:54:36.167869,55d1206e-2c77-45ad-bf4f-444631614173,the weather in body today. Lara
2025-07-25T07:54:56.913818,a0ebf6a0-7fc8-4135-8149-8e0258dbe1cb,Lara. I'm asking...
2025-07-25T07:54:57.059598,55d1206e-2c77-45ad-bf4f-444631614173,Lara I'm asking
2025-07-25T07:54:59.940783,a0ebf6a0-7fc8-4135-8149-8e0258dbe1cb,How is the winner in body today?
2025-07-25T07:55:04.039663,55d1206e-2c77-45ad-bf4f-444631614173,How is the weather in body today.
2025-07-25T07:55:08.568623,55d1206e-2c77-45ad-bf4f-444631614173,body today.
2025-07-25T07:55:13.871182,a0ebf6a0-7fc8-4135-8149-8e0258dbe1cb,How are you today?
2025-07-25T07:55:17.621611,55d1206e-2c77-45ad-bf4f-444631614173,Lara How is the weather in body today
2025-07-25T07:55:18.006538,a0ebf6a0-7fc8-4135-8149-8e0258dbe1cb,Lara. How is the winner?
2025-07-25T07:55:20.724903,55d1206e-2c77-45ad-bf4f-444631614173,Lara Lara in body.
2025-07-25T07:55:21.157223,a0ebf6a0-7fc8-4135-8149-8e0258dbe1cb,Lara in body.
2025-07-25T07:55:33.323807,55d1206e-2c77-45ad-bf4f-444631614173,Lara No asking.
2025-07-25T07:55:33.493756,a0ebf6a0-7fc8-4135-8149-8e0258dbe1cb,"No, I'm asking..."
2025-07-25T07:55:40.897744,a0ebf6a0-7fc8-4135-8149-8e0258dbe1cb,Lara.
2025-07-25T07:55:41.235580,55d1206e-2c77-45ad-bf4f-444631614173,Lara Lara
2025-07-25T07:55:43.164589,a0ebf6a0-7fc8-4135-8149-8e0258dbe1cb,Summary of the last...
2025-07-25T07:55:43.525766,55d1206e-2c77-45ad-bf4f-444631614173,Summary of the last.
2025-07-25T07:55:45.592405,a0ebf6a0-7fc8-4135-8149-8e0258dbe1cb,Lara.
2025-07-25T07:55:54.342033,a0ebf6a0-7fc8-4135-8149-8e0258dbe1cb,Summary of the last 30 seconds...
2025-07-25T07:55:54.536802,55d1206e-2c77-45ad-bf4f-444631614173,Summary of the last. 30 seconds.
2025-07-25T07:55:57.309353,a0ebf6a0-7fc8-4135-8149-8e0258dbe1cb,"The last one minutes, please."
2025-07-25T07:55:57.475756,55d1206e-2c77-45ad-bf4f-444631614173,of the last one minute please.
2025-07-25T07:56:19.740847,0165d38a-6ecf-4e37-950a-622dbc7c6c19,Hello everyone.
2025-07-25T07:56:20.552002,a0ebf6a0-7fc8-4135-8149-8e0258dbe1cb,"Hello, everyone. I hope..."
2025-07-25T07:56:21.907862,0165d38a-6ecf-4e37-950a-622dbc7c6c19,I hope you're doing well.
2025-07-25T07:56:23.374283,a0ebf6a0-7fc8-4135-8149-8e0258dbe1cb,You're doing well. So today...
2025-07-25T07:56:24.911134,0165d38a-6ecf-4e37-950a-622dbc7c6c19,So today we have
2025-07-25T07:56:26.391074,a0ebf6a0-7fc8-4135-8149-8e0258dbe1cb,We have... We want to talk...
2025-07-25T07:56:27.928463,0165d38a-6ecf-4e37-950a-622dbc7c6c19,we want to talk to
2025-07-25T07:56:29.405951,a0ebf6a0-7fc8-4135-8149-8e0258dbe1cb,About...
2025-07-25T07:56:30.940146,0165d38a-6ecf-4e37-950a-622dbc7c6c19,about our program.
2025-07-25T07:56:32.411192,a0ebf6a0-7fc8-4135-8149-8e0258dbe1cb,To our progress in this project.
2025-07-25T07:56:33.947930,0165d38a-6ecf-4e37-950a-622dbc7c6c19,In this project of our antenna.
2025-07-25T07:56:35.413438,a0ebf6a0-7fc8-4135-8149-8e0258dbe1cb,Of our internship.
2025-07-25T07:56:36.962760,0165d38a-6ecf-4e37-950a-622dbc7c6c19,Sure should. So.
2025-07-25T07:56:38.417695,a0ebf6a0-7fc8-4135-8149-8e0258dbe1cb,So... I think...
2025-07-25T07:56:39.987324,0165d38a-6ecf-4e37-950a-622dbc7c6c19,I think our transcription.
2025-07-25T07:56:41.415638,a0ebf6a0-7fc8-4135-8149-8e0258dbe1cb,Our transcription is...
2025-07-25T07:56:42.985389,0165d38a-6ecf-4e37-950a-622dbc7c6c19,Is good.
2025-07-25T07:56:44.546275,a0ebf6a0-7fc8-4135-8149-8e0258dbe1cb,"Good. However, we'd like..."
2025-07-25T07:56:46.023093,0165d38a-6ecf-4e37-950a-622dbc7c6c19,"However, the latency is three seconds."
2025-07-25T07:56:47.592733,a0ebf6a0-7fc8-4135-8149-8e0258dbe1cb,What happens is... It's pre-stigant.
2025-07-25T07:56:52.040532,0165d38a-6ecf-4e37-950a-622dbc7c6c19,As we can.
2025-07-25T07:56:53.492319,a0ebf6a0-7fc8-4135-8149-8e0258dbe1cb,As we can see here...
2025-07-25T07:56:55.109042,0165d38a-6ecf-4e37-950a-622dbc7c6c19,See here.
2025-07-25T07:56:56.541895,a0ebf6a0-7fc8-4135-8149-8e0258dbe1cb,I don't know why this project...
2025-07-25T07:56:58.097602,0165d38a-6ecf-4e37-950a-622dbc7c6c19,By the prescription.
2025-07-25T07:56:59.604981,a0ebf6a0-7fc8-4135-8149-8e0258dbe1cb,It shouldn't... It shouldn't appear...
2025-07-25T07:57:01.109848,0165d38a-6ecf-4e37-950a-622dbc7c6c19,Didn't appear in.
2025-07-25T07:57:02.443395,a0ebf6a0-7fc8-4135-8149-8e0258dbe1cb,Here in... And the...
2025-07-25T07:57:04.072561,0165d38a-6ecf-4e37-950a-622dbc7c6c19,And the. In the screen.
2025-07-25T07:57:05.574285,a0ebf6a0-7fc8-4135-8149-8e0258dbe1cb,And the screen...
2025-07-25T07:57:07.050746,0165d38a-6ecf-4e37-950a-622dbc7c6c19,So.
2025-07-25T07:57:08.484182,a0ebf6a0-7fc8-4135-8149-8e0258dbe1cb,"Okay, so... Ah, good."
2025-07-25T07:57:10.025517,0165d38a-6ecf-4e37-950a-622dbc7c6c19,Oh.
2025-07-25T07:57:16.321282,0165d38a-6ecf-4e37-950a-622dbc7c6c19,So.
2025-07-25T07:57:19.323107,0165d38a-6ecf-4e37-950a-622dbc7c6c19,Hello everyone.
2025-07-25T07:57:20.269616,f71f342d-eba3-410b-8403-9405159b3cde,"Hello everyone, so today"
2025-07-25T07:57:22.221627,0165d38a-6ecf-4e37-950a-622dbc7c6c19,So today.
2025-07-25T07:57:30.608020,b978e850-47b0-4a12-af5f-bb16575e196d,Hello everyone.
2025-07-25T07:57:33.613452,b978e850-47b0-4a12-af5f-bb16575e196d,"I'm very happy to be here, so I'm alone."
2025-07-25T07:57:36.529722,b978e850-47b0-4a12-af5f-bb16575e196d,Uh...
2025-07-25T07:57:42.652425,b978e850-47b0-4a12-af5f-bb16575e196d,"So, uh..."
2025-07-25T07:57:45.621529,b978e850-47b0-4a12-af5f-bb16575e196d,I just want to make sure that...
2025-07-25T07:57:48.697286,b978e850-47b0-4a12-af5f-bb16575e196d,Uh... Lara work. So...
2025-07-25T07:57:51.771908,b978e850-47b0-4a12-af5f-bb16575e196d,I will ask him some questions.
2025-07-25T07:58:06.650549,b978e850-47b0-4a12-af5f-bb16575e196d,Lara!
2025-07-25T07:58:09.583275,b978e850-47b0-4a12-af5f-bb16575e196d,How are you?
2025-07-25T07:58:12.579814,b978e850-47b0-4a12-af5f-bb16575e196d,Yeah.
2025-07-25T07:58:15.704640,b978e850-47b0-4a12-af5f-bb16575e196d,Uh... Lara!
2025-07-25T07:58:18.627556,b978e850-47b0-4a12-af5f-bb16575e196d,"Lara, give me the distance between..."
2025-07-25T07:58:21.622105,b978e850-47b0-4a12-af5f-bb16575e196d,Marcie and... and... Bye!
2025-07-25T07:58:36.848447,b978e850-47b0-4a12-af5f-bb16575e196d,Okay. Okay. Good.
2025-07-25T07:58:39.894386,b978e850-47b0-4a12-af5f-bb16575e196d,Uh... I will give it to you.
2025-07-25T07:58:42.774712,b978e850-47b0-4a12-af5f-bb16575e196d,"Uh... Lara, give me the distance between..."
2025-07-25T07:58:45.777037,b978e850-47b0-4a12-af5f-bb16575e196d,Marcilia and Barry.
2025-07-25T07:59:12.931721,b978e850-47b0-4a12-af5f-bb16575e196d,"Okay. Uh... Lara, the..."
2025-07-25T07:59:15.844063,b978e850-47b0-4a12-af5f-bb16575e196d,memory of the last one minute piece.
2025-07-25T07:59:21.785863,b978e850-47b0-4a12-af5f-bb16575e196d,I'm...
2025-07-25T07:59:24.871916,b978e850-47b0-4a12-af5f-bb16575e196d,"I'm asking last summary, summary."
2025-07-25T07:59:33.784365,b978e850-47b0-4a12-af5f-bb16575e196d,summary.
2025-07-25T07:59:36.906887,b978e850-47b0-4a12-af5f-bb16575e196d,Hmm.
2025-07-25T07:59:40.097034,b978e850-47b0-4a12-af5f-bb16575e196d,Sorry.
2025-07-25T07:59:43.039524,b978e850-47b0-4a12-af5f-bb16575e196d,I'm happy.
2025-07-25T07:59:47.763408,92ab8a82-e508-45e3-a7c4-6d4fafac9f8d,"Hello everyone, I hope you"
2025-07-25T07:59:53.537612,92ab8a82-e508-45e3-a7c4-6d4fafac9f8d,doing well. So today just...
2025-07-25T07:59:54.164275,92ab8a82-e508-45e3-a7c4-6d4fafac9f8d,want to check
2025-07-25T07:59:56.873906,92ab8a82-e508-45e3-a7c4-6d4fafac9f8d,the progress of this project.
2025-07-25T07:59:59.789123,92ab8a82-e508-45e3-a7c4-6d4fafac9f8d,"So, if all the..."
2025-07-25T08:00:02.914368,92ab8a82-e508-45e3-a7c4-6d4fafac9f8d,things work good or not.
2025-07-25T08:00:05.909870,92ab8a82-e508-45e3-a7c4-6d4fafac9f8d,"So, I will..."
2025-07-25T08:00:08.790362,92ab8a82-e508-45e3-a7c4-6d4fafac9f8d,just try.
2025-07-25T08:00:11.868284,92ab8a82-e508-45e3-a7c4-6d4fafac9f8d,"This Lara here, by text."
2025-07-25T08:00:31.458405,92ab8a82-e508-45e3-a7c4-6d4fafac9f8d,"Don't fall, text is good. So now we..."
2025-07-25T08:00:34.440423,92ab8a82-e508-45e3-a7c4-6d4fafac9f8d,by voice. Lara!
2025-07-25T08:00:37.517733,92ab8a82-e508-45e3-a7c4-6d4fafac9f8d,How are you?
2025-07-25T08:00:52.605829,92ab8a82-e508-45e3-a7c4-6d4fafac9f8d,Lara ho...
2025-07-25T08:00:55.449038,92ab8a82-e508-45e3-a7c4-6d4fafac9f8d,How are you?
2025-07-25T08:01:04.473467,92ab8a82-e508-45e3-a7c4-6d4fafac9f8d,Lara!
2025-07-25T08:01:13.687341,92ab8a82-e508-45e3-a7c4-6d4fafac9f8d,"Lara, give me..."
2025-07-25T08:01:16.583081,92ab8a82-e508-45e3-a7c4-6d4fafac9f8d,"the distance between Marcy, Marcy and..."
2025-07-25T08:01:21.611702,92ab8a82-e508-45e3-a7c4-6d4fafac9f8d,sorry.
2025-07-25T08:01:21.982583,92ab8a82-e508-45e3-a7c4-6d4fafac9f8d,Marcy!
2025-07-25T08:01:25.686816,92ab8a82-e508-45e3-a7c4-6d4fafac9f8d,The distance between...
2025-07-25T08:01:28.908721,92ab8a82-e508-45e3-a7c4-6d4fafac9f8d,Marcy and Marcy and Marcy.
2025-07-25T08:02:26.252121,92ab8a82-e508-45e3-a7c4-6d4fafac9f8d,Okay.
2025-07-25T08:03:19.482409,92ab8a82-e508-45e3-a7c4-6d4fafac9f8d,"Lara, give me the last..."
2025-07-25T08:03:22.638604,92ab8a82-e508-45e3-a7c4-6d4fafac9f8d,the summer of the last one minutes.
2025-07-25T08:03:40.732799,92ab8a82-e508-45e3-a7c4-6d4fafac9f8d,Lara!
2025-07-25T08:03:43.661775,92ab8a82-e508-45e3-a7c4-6d4fafac9f8d,The summer of one minute is...
2025-07-25T08:03:49.781443,92ab8a82-e508-45e3-a7c4-6d4fafac9f8d,Lara!
2025-07-25T08:03:52.734747,92ab8a82-e508-45e3-a7c4-6d4fafac9f8d,The summer of one minute.
2025-07-25T08:04:07.821522,92ab8a82-e508-45e3-a7c4-6d4fafac9f8d,"Lara, give me the..."
2025-07-25T08:04:10.839783,92ab8a82-e508-45e3-a7c4-6d4fafac9f8d,summer of the last minute.
